id,date,decision,confidence_rate,starting_price,ending_price,before_total,after_total,result_rate,max_opposite_price_move_rate,max_opposite_price_move_rate_time,max_take_profit_rate,take_profit_rate_time,trade_state,control_state
7,2024-01-02 04:00:00+03:00,DOWN,0.79,45402.38,45455.53,45402.38,45349.23,-0.0012,0.0000,-1,0.0000,-1,LOSS DeActive Stop Loss and DeActive Take Profit,OK
8,2024-01-02 08:00:00+03:00,DOWN,0.76,45455.52,45433.99,45349.23,45370.70965575798054889703165,1.0005,0.0000,-1,0.0000,-1,WIN DeActive Stop Loss and DeActive Take Profit,OK
9,2024-01-02 12:00:00+03:00,DOWN,0.74,45433.99,45184.82,45370.70965575798054889703165,45619.53261242379871748334057,1.0055,0.0000,-1,0.0000,-1,WIN DeActive Stop Loss and DeActive Take Profit,OK
11,2024-01-02 20:00:00+03:00,UP,0.76,45039.49,44946.91,45619.53261242379871748334057,45525.76031772734022549631747,-0.0021,0.0000,-1,0.0000,-1,LOSS DeActive Stop Loss and DeActive Take Profit,OK
16,2024-01-03 00:00:00+03:00,DOWN,0.72,44946.91,45262.69,45525.76031772734022549631747,45205.91353419690533027421595,-0.0070,0.0000,-1,0.0000,-1,LOSS DeActive Stop Loss and DeActive Take Profit,OK
19,2024-01-04 12:00:00+03:00,UP,0.70,43176.33,44051.10,45205.91353419690533027421595,46121.80372176748918665487581,1.0203,0.0000,-1,0.0000,-1,WIN DeActive Stop Loss and DeActive Take Profit,OK
20,2024-01-04 16:00:00+03:00,UP,0.72,44051.10,43956.48,46121.80372176748918665487581,46022.73593303681867384495087,-0.0022,0.0000,-1,0.0000,-1,LOSS DeActive Stop Loss and DeActive Take Profit,OK
31,2024-01-06 12:00:00+03:00,DOWN,0.75,43671.97,43867.17,45724.85201238829756203400452,45520.47627406419183279602790,-0.0045,0.0000,-1,0.0000,-1,LOSS DeActive Stop Loss and DeActive Take Profit,OK
41,2024-01-07 04:00:00+03:00,DOWN,0.73,43940.41,44080.00,45520.47627406419183279602790,45375.86671573060731371803121,-0.0032,0.0000,-1,0.0000,-1,LOSS DeActive Stop Loss and DeActive Take Profit,OK
38,2024-01-07 16:00:00+03:00,DOWN,0.84,44047.57,44244.77,45375.86671573060731371803121,45172.71996061240043505786459,-0.0045,0.0000,-1,0.0000,-1,LOSS DeActive Stop Loss and DeActive Take Profit,OK
43,2024-01-08 00:00:00+03:00,UP,0.78,43929.01,43518.20,45172.71996061240043505786459,44750.27918430036471600282281,-0.0094,0.0000,-1,0.0000,-1,LOSS DeActive Stop Loss and DeActive Take Profit,OK
44,2024-01-08 04:00:00+03:00,UP,0.82,43518.20,43974.55,44750.27918430036471600282281,45219.54928062225926674591164,1.0105,0.0000,-1,0.0000,-1,WIN DeActive Stop Loss and DeActive Take Profit,OK
52,2024-01-09 12:00:00+03:00,DOWN,0.72,46616.00,46868.09,47935.78352172989235770752439,47676.55639653697815304701105,-0.0054,0.0000,-1,0.0000,-1,LOSS DeActive Stop Loss and DeActive Take Profit,OK
53,2024-01-09 16:00:00+03:00,DOWN,0.75,46868.08,46876.01,47676.55639653697815304701105,47668.48960369578350123380123,-0.0002,0.0000,-1,0.0000,-1,LOSS DeActive Stop Loss and DeActive Take Profit,OK
56,2024-01-10 04:00:00+03:00,UP,0.76,46117.10,45757.98,47668.48960369578350123380123,47297.28872622345263543861716,-0.0078,0.0000,-1,0.0000,-1,LOSS DeActive Stop Loss and DeActive Take Profit,OK
60,2024-01-10 08:00:00+03:00,UP,0.74,45757.98,45515.89,47297.28872622345263543861716,47047.05476424061520143227914,-0.0053,0.0000,-1,0.0000,-1,LOSS DeActive Stop Loss and DeActive Take Profit,OK
75,2024-01-13 08:00:00+03:00,UP,0.75,43102.97,42624.00,44552.96359340485948553086592,44057.88093500955341850614074,-0.0111,0.0000,-1,0.0000,-1,LOSS DeActive Stop Loss and DeActive Take Profit,OK
76,2024-01-13 16:00:00+03:00,UP,0.79,43154.48,42786.25,44606.20640137601052946356232,44225.58906145721905387946612,-0.0085,0.0000,-1,0.0000,-1,LOSS DeActive Stop Loss and DeActive Take Profit,OK
79,2024-01-14 12:00:00+03:00,DOWN,0.70,42829.99,42904.38,44270.80048488292564797024734,44193.90798857203599240524472,-0.0017,0.0000,-1,0.0000,-1,LOSS DeActive Stop Loss and DeActive Take Profit,OK
85,2024-01-15 12:00:00+03:00,UP,0.85,42698.00,42278.99,44193.90798857203599240524472,43760.21813456736203106799889,-0.0098,0.0000,-1,0.0000,-1,LOSS DeActive Stop Loss and DeActive Take Profit,OK
92,2024-01-16 04:00:00+03:00,UP,0.70,42924.57,42791.13,44428.41578127826968472805271,44290.30076226110137513915965,-0.0031,0.0000,-1,0.0000,-1,LOSS DeActive Stop Loss and DeActive Take Profit,OK
95,2024-01-16 16:00:00+03:00,UP,0.73,43252.45,43166.11,44767.78293082375188907462237,44678.41804217010746573900317,-0.0020,0.0000,-1,0.0000,-1,LOSS DeActive Stop Loss and DeActive Take Profit,OK
102,2024-01-17 20:00:00+03:00,DOWN,0.70,42611.10,42776.10,44103.96348053402695386151863,43933.18276906945283004431723,-0.0039,0.0000,-1,0.0000,-1,LOSS DeActive Stop Loss and DeActive Take Profit,OK
104,2024-01-18 04:00:00+03:00,DOWN,0.81,42592.04,42915.33,43933.18276906945283004431723,43599.71297853083426644827846,-0.0076,0.0000,-1,0.0000,-1,LOSS DeActive Stop Loss and DeActive Take Profit,OK
105,2024-01-18 08:00:00+03:00,DOWN,0.78,42915.32,42544.59,43599.71297853083426644827846,43976.35520309145122532451125,1.0086,0.0000,-1,0.0000,-1,WIN DeActive Stop Loss and DeActive Take Profit,OK
106,2024-01-18 12:00:00+03:00,DOWN,0.75,42544.60,42619.32,43976.35520309145122532451125,43899.12064780652685805918856,-0.0018,0.0000,-1,0.0000,-1,LOSS DeActive Stop Loss and DeActive Take Profit,OK
108,2024-01-18 20:00:00+03:00,UP,0.78,41022.33,41327.50,43899.12064780652685805918856,44225.69143615743519996160910,1.0074,0.0000,-1,0.0000,-1,WIN DeActive Stop Loss and DeActive Take Profit,OK
109,2024-01-19 00:00:00+03:00,UP,0.80,41327.51,41055.87,44225.70213743175282319921117,43935.01272186783519697653689,-0.0066,0.0000,-1,0.0000,-1,LOSS DeActive Stop Loss and DeActive Take Profit,OK
110,2024-01-19 04:00:00+03:00,UP,0.79,41055.88,41284.25,43935.02342314215282021413896,44179.40842473371469733264922,1.0056,0.0000,-1,0.0000,-1,WIN DeActive Stop Loss and DeActive Take Profit,OK
111,2024-01-19 08:00:00+03:00,UP,0.73,41284.26,41475.37,44179.41912600803232057025129,44383.93117949213001438344258,1.0046,0.0000,-1,0.0000,-1,WIN DeActive Stop Loss and DeActive Take Profit,OK
112,2024-01-19 12:00:00+03:00,UP,0.79,41475.37,40894.71,44383.93117949213001438344258,43762.55098496501909978155018,-0.0140,0.0000,-1,0.0000,-1,LOSS DeActive Stop Loss and DeActive Take Profit,OK
118,2024-01-20 00:00:00+03:00,UP,0.75,41659.03,41634.65,44580.47078360959839618309049,44554.38107682323294290923981,-0.0006,0.0000,-1,0.0000,-1,LOSS DeActive Stop Loss and DeActive Take Profit,OK
116,2024-01-20 16:00:00+03:00,UP,0.75,41570.10,41632.96,44485.30435110297494418786731,44552.57256146355461575448970,1.0015,0.0000,-1,0.0000,-1,WIN DeActive Stop Loss and DeActive Take Profit,OK
122,2024-01-21 16:00:00+03:00,DOWN,0.85,41656.27,41719.40,44577.51723189793438260491872,44509.96008713077888362304040,-0.0015,0.0000,-1,0.0000,-1,LOSS DeActive Stop Loss and DeActive Take Profit,OK
132,2024-01-22 08:00:00+03:00,DOWN,0.70,41043.70,40815.99,44509.96008713077888362304040,44756.90086029305591175622047,1.0056,0.0000,-1,0.0000,-1,WIN DeActive Stop Loss and DeActive Take Profit,OK
129,2024-01-22 12:00:00+03:00,DOWN,0.73,40815.92,40771.99,44756.90086029305591175622047,44805.07252112521831177570922,1.0011,0.0000,-1,0.0000,-1,WIN DeActive Stop Loss and DeActive Take Profit,OK
138,2024-01-23 08:00:00+03:00,UP,0.83,39780.01,38845.56,44805.07252112521831177570922,43752.58158365774506952567429,-0.0235,0.0000,-1,0.0000,-1,LOSS DeActive Stop Loss and DeActive Take Profit,OK
136,2024-01-23 16:00:00+03:00,UP,0.70,39204.00,39148.07,44156.30018992436298268539660,44093.30503969422142514990037,-0.0014,0.0000,-1,0.0000,-1,LOSS DeActive Stop Loss and DeActive Take Profit,OK
142,2024-01-24 00:00:00+03:00,UP,0.72,39897.59,39614.00,44937.50537941343651908884432,44618.09192234628393011170546,-0.0071,0.0000,-1,0.0000,-1,LOSS DeActive Stop Loss and DeActive Take Profit,OK
143,2024-01-24 04:00:00+03:00,UP,0.71,39614.00,39981.09,44618.09192234628393011170546,45031.55320784570578521103161,1.0093,0.0000,-1,0.0000,-1,WIN DeActive Stop Loss and DeActive Take Profit,OK
139,2024-01-24 12:00:00+03:00,UP,0.71,40209.34,40050.71,45288.63604424888494679653160,45109.96769665354514218620142,-0.0040,0.0000,-1,0.0000,-1,LOSS DeActive Stop Loss and DeActive Take Profit,OK
140,2024-01-24 16:00:00+03:00,UP,0.82,40050.72,39803.05,45109.97895986653104269711426,44831.02296384473308891888519,-0.0062,0.0000,-1,0.0000,-1,LOSS DeActive Stop Loss and DeActive Take Profit,OK
150,2024-01-25 08:00:00+03:00,DOWN,0.79,40130.00,40178.07,45199.27371241875029321408442,45145.13144759552653725607792,-0.0012,0.0000,-1,0.0000,-1,LOSS DeActive Stop Loss and DeActive Take Profit,OK
146,2024-01-25 16:00:00+03:00,DOWN,0.70,39804.23,39989.25,45145.13144759552653725607792,44935.28560406497402261320906,-0.0047,0.0000,-1,0.0000,-1,LOSS DeActive Stop Loss and DeActive Take Profit,OK
157,2024-01-27 00:00:00+03:00,UP,0.73,41823.51,41815.01,44935.28560406497402261320906,44926.15318242856540269603300,-0.0002,0.0000,-1,0.0000,-1,LOSS DeActive Stop Loss and DeActive Take Profit,OK
158,2024-01-27 04:00:00+03:00,UP,0.74,41815.01,41710.14,44926.15318242856540269603300,44813.48058748619222967082667,-0.0025,0.0000,-1,0.0000,-1,LOSS DeActive Stop Loss and DeActive Take Profit,OK
163,2024-01-28 00:00:00+03:00,DOWN,0.83,42120.63,42231.83,45254.51208837200098141219166,45135.03852531686703614278244,-0.0026,0.0000,-1,0.0000,-1,LOSS DeActive Stop Loss and DeActive Take Profit,OK
164,2024-01-28 04:00:00+03:00,DOWN,0.82,42231.84,42388.82,45135.03852531686703614278244,44967.26704418546850396105195,-0.0037,0.0000,-1,0.0000,-1,LOSS DeActive Stop Loss and DeActive Take Profit,OK
165,2024-01-28 08:00:00+03:00,DOWN,0.84,42388.82,42471.98,44967.26704418546850396105195,44879.04854866248712441829984,-0.0020,0.0000,-1,0.0000,-1,LOSS DeActive Stop Loss and DeActive Take Profit,OK
174,2024-01-29 08:00:00+03:00,UP,0.76,42053.45,42246.95,44879.04854866248712441829984,45085.54993901610118601312597,1.0046,0.0000,-1,0.0000,-1,WIN DeActive Stop Loss and DeActive Take Profit,OK
178,2024-01-30 00:00:00+03:00,DOWN,0.82,43302.71,43519.71,46212.24713736096724115190446,45980.66676678352924959594957,-0.0050,0.0000,-1,0.0000,-1,LOSS DeActive Stop Loss and DeActive Take Profit,OK
176,2024-01-30 16:00:00+03:00,DOWN,0.87,43375.50,43547.98,45980.66676678352924959594957,45797.82748184307154593903934,-0.0040,0.0000,-1,0.0000,-1,LOSS DeActive Stop Loss and DeActive Take Profit,OK
177,2024-01-30 20:00:00+03:00,UP,0.80,43547.99,42941.10,45797.82748184307154593903934,45159.58347745949972803160107,-0.0139,0.0000,-1,0.0000,-1,LOSS DeActive Stop Loss and DeActive Take Profit,OK
183,2024-01-31 12:00:00+03:00,DOWN,0.79,42647.98,43361.10,44851.31989993323867369716103,44101.35769194494963484967237,-0.0167,0.0000,-1,0.0000,-1,LOSS DeActive Stop Loss and DeActive Take Profit,OK
184,2024-01-31 16:00:00+03:00,DOWN,0.82,43361.11,43334.64,44101.35769194494963484967237,44128.27957974039082205254774,1.0006,0.0000,-1,0.0000,-1,WIN DeActive Stop Loss and DeActive Take Profit,OK
187,2024-02-01 00:00:00+03:00,UP,0.78,42580.00,42015.65,44128.27957974039082205254774,43543.40887563455499395425381,-0.0133,0.0000,-1,0.0000,-1,LOSS DeActive Stop Loss and DeActive Take Profit,OK
192,2024-02-01 08:00:00+03:00,UP,0.74,42190.15,42087.52,43724.25398570183301646360490,43617.89218830237889927085589,-0.0024,0.0000,-1,0.0000,-1,LOSS DeActive Stop Loss and DeActive Take Profit,OK
189,2024-02-01 12:00:00+03:00,UP,0.85,42087.52,42516.12,43617.89218830237889927085589,44062.07679675415746917061451,1.0102,0.0000,-1,0.0000,-1,WIN DeActive Stop Loss and DeActive Take Profit,OK
191,2024-02-01 16:00:00+03:00,UP,0.75,42516.12,43218.94,44062.07679675415746917061451,44790.45250023544308395584164,1.0165,0.0000,-1,0.0000,-1,WIN DeActive Stop Loss and DeActive Take Profit,OK
194,2024-02-02 16:00:00+03:00,UP,0.76,43242.10,43061.97,44814.45463633377064270264148,44627.77481010787499688826089,-0.0042,0.0000,-1,0.0000,-1,LOSS DeActive Stop Loss and DeActive Take Profit,OK
199,2024-02-03 12:00:00+03:00,DOWN,0.78,42995.04,43119.06,44558.41112405169781610573442,44429.88155069614583701341509,-0.0029,0.0000,-1,0.0000,-1,LOSS DeActive Stop Loss and DeActive Take Profit,OK
207,2024-02-04 08:00:00+03:00,DOWN,0.79,42845.03,43060.10,44429.88155069614583701341509,44206.85604166725216871241322,-0.0050,0.0000,-1,0.0000,-1,LOSS DeActive Stop Loss and DeActive Take Profit,OK
211,2024-02-05 00:00:00+03:00,UP,0.79,42582.88,42718.31,44206.85604166725216871241322,44347.45091251025282910007893,1.0032,0.0000,-1,0.0000,-1,WIN DeActive Stop Loss and DeActive Take Profit,OK
212,2024-02-05 04:00:00+03:00,UP,0.77,42718.31,43071.88,44347.45091251025282910007893,44714.50495137874388346962012,1.0083,0.0000,-1,0.0000,-1,WIN DeActive Stop Loss and DeActive Take Profit,OK
214,2024-02-05 12:00:00+03:00,UP,0.78,43194.08,42644.03,44841.36527196513301955005096,44270.33810880193052936149953,-0.0127,0.0000,-1,0.0000,-1,LOSS DeActive Stop Loss and DeActive Take Profit,OK
234,2024-02-08 08:00:00+03:00,DOWN,0.76,44513.25,44698.97,46210.84423356862693643402767,46018.04146156122767004403081,-0.0042,0.0000,-1,0.0000,-1,LOSS DeActive Stop Loss and DeActive Take Profit,OK
235,2024-02-09 00:00:00+03:00,UP,0.70,45288.66,46060.74,46018.04146156122767004403081,46802.55593939391675069882595,1.0171,0.0000,-1,0.0000,-1,WIN DeActive Stop Loss and DeActive Take Profit,OK
237,2024-02-09 12:00:00+03:00,DOWN,0.77,47180.01,47159.99,47939.85197038007609597974578,47960.19439583625995697175309,1.0004,0.0000,-1,0.0000,-1,WIN DeActive Stop Loss and DeActive Take Profit,OK
250,2024-02-11 00:00:00+03:00,DOWN,0.83,47751.08,48519.61,47960.19439583625995697175309,47188.29880312857584040870359,-0.0161,0.0000,-1,0.0000,-1,LOSS DeActive Stop Loss and DeActive Take Profit,OK
258,2024-02-12 08:00:00+03:00,UP,0.81,48203.98,47903.03,47188.29880312857584040870359,46893.68996533548189050724319,-0.0062,0.0000,-1,0.0000,-1,LOSS DeActive Stop Loss and DeActive Take Profit,OK
265,2024-02-14 00:00:00+03:00,UP,0.72,49699.60,49518.61,48652.40536561439465865632682,48475.22891254188402900799548,-0.0036,0.0000,-1,0.0000,-1,LOSS DeActive Stop Loss and DeActive Take Profit,OK
270,2024-02-14 20:00:00+03:00,DOWN,0.74,51677.99,51795.17,50589.10973046396814111371260,50474.39876979742968273373875,-0.0023,0.0000,-1,0.0000,-1,LOSS DeActive Stop Loss and DeActive Take Profit,OK
275,2024-02-15 20:00:00+03:00,UP,0.76,52002.01,51880.00,50474.39876979742968273373875,50355.97293599017907077488671,-0.0024,0.0000,-1,0.0000,-1,LOSS DeActive Stop Loss and DeActive Take Profit,OK
278,2024-02-16 16:00:00+03:00,UP,0.80,51888.01,51756.29,50363.74763420176891916264513,50235.89704138895807900839555,-0.0025,0.0000,-1,0.0000,-1,LOSS DeActive Stop Loss and DeActive Take Profit,OK
285,2024-02-17 20:00:00+03:00,DOWN,0.74,51394.44,51642.64,49884.67674827238047112944619,49643.76787235270501921413534,-0.0048,0.0000,-1,0.0000,-1,LOSS DeActive Stop Loss and DeActive Take Profit,OK
294,2024-02-18 00:00:00+03:00,UP,0.70,51642.64,51479.99,49643.76787235270501921413534,49487.41337838341593036478180,-0.0032,0.0000,-1,0.0000,-1,LOSS DeActive Stop Loss and DeActive Take Profit,OK
291,2024-02-18 12:00:00+03:00,UP,0.75,51832.01,51773.99,49825.80814608749920768878692,49770.03385933620407743954319,-0.0011,0.0000,-1,0.0000,-1,LOSS DeActive Stop Loss and DeActive Take Profit,OK
292,2024-02-18 16:00:00+03:00,UP,0.75,51774.00,51758.12,49770.04347227773308383910356,49754.77812112967092133724230,-0.0003,0.0000,-1,0.0000,-1,LOSS DeActive Stop Loss and DeActive Take Profit,OK
297,2024-02-19 12:00:00+03:00,UP,0.71,52336.22,52127.99,50310.50227092153087992200272,50110.33198946303062187650080,-0.0040,0.0000,-1,0.0000,-1,LOSS DeActive Stop Loss and DeActive Take Profit,OK
302,2024-02-20 00:00:00+03:00,UP,0.76,51774.74,51580.23,49770.75482995087955740657065,49583.77350427017607955789092,-0.0038,0.0000,-1,0.0000,-1,LOSS DeActive Stop Loss and DeActive Take Profit,OK
304,2024-02-20 12:00:00+03:00,UP,0.71,52286.80,51680.00,50262.99511388518125329467378,49679.68182190507292797166285,-0.0116,0.0000,-1,0.0000,-1,LOSS DeActive Stop Loss and DeActive Take Profit,OK
306,2024-02-20 20:00:00+03:00,DOWN,0.71,52101.10,52258.82,50084.48278969153241345867653,49932.86747589604347959258345,-0.0030,0.0000,-1,0.0000,-1,LOSS DeActive Stop Loss and DeActive Take Profit,OK
308,2024-02-21 00:00:00+03:00,DOWN,0.73,52258.82,52001.99,49932.86747589604347959258345,50178.26640288739883064841983,1.0049,0.0000,-1,0.0000,-1,WIN DeActive Stop Loss and DeActive Take Profit,OK
313,2024-02-22 04:00:00+03:00,DOWN,0.79,51586.10,51827.63,50178.26640288739883064841983,49943.32798567250192160574142,-0.0047,0.0000,-1,0.0000,-1,LOSS DeActive Stop Loss and DeActive Take Profit,OK
315,2024-02-22 08:00:00+03:00,DOWN,0.74,51827.63,51622.04,49943.32798567250192160574142,50141.44333072251500671233272,1.0040,0.0000,-1,0.0000,-1,WIN DeActive Stop Loss and DeActive Take Profit,OK
321,2024-02-23 16:00:00+03:00,DOWN,0.74,50911.10,51099.09,50141.44333072251500671233272,49956.29529951237565407387369,-0.0037,0.0000,-1,0.0000,-1,LOSS DeActive Stop Loss and DeActive Take Profit,OK
334,2024-02-25 12:00:00+03:00,UP,0.75,51645.00,51524.02,49956.29529951237565407387369,49839.27114218184981020457643,-0.0023,0.0000,-1,0.0000,-1,LOSS DeActive Stop Loss and DeActive Take Profit,OK
338,2024-02-26 00:00:00+03:00,UP,0.73,51728.85,51555.59,50037.40354543868241559181530,49869.80885624140263621675790,-0.0034,0.0000,-1,0.0000,-1,LOSS DeActive Stop Loss and DeActive Take Profit,OK
339,2024-02-26 04:00:00+03:00,UP,0.75,51555.60,51293.26,49869.81852925820958991520965,49616.05660634458626473194428,-0.0051,0.0000,-1,0.0000,-1,LOSS DeActive Stop Loss and DeActive Take Profit,OK
340,2024-02-26 08:00:00+03:00,UP,0.79,51293.26,51090.01,49616.05660634458626473194428,49419.45253974325234370008225,-0.0040,0.0000,-1,0.0000,-1,LOSS DeActive Stop Loss and DeActive Take Profit,OK
351,2024-02-28 08:00:00+03:00,UP,0.75,58241.09,58941.11,56336.70424253029773613564419,57013.83476505067053515519677,1.0120,0.0000,-1,0.0000,-1,WIN DeActive Stop Loss and DeActive Take Profit,OK
353,2024-02-28 16:00:00+03:00,UP,0.78,60966.22,60951.11,58972.72707164367096231797231,58958.11114324836392395737484,-0.0003,0.0000,-1,0.0000,-1,LOSS DeActive Stop Loss and DeActive Take Profit,OK
354,2024-02-28 20:00:00+03:00,DOWN,0.74,60951.10,62432.10,58958.10147023155697025892309,57525.52768112171422955443268,-0.0243,0.0000,-1,0.0000,-1,LOSS DeActive Stop Loss and DeActive Take Profit,OK
357,2024-02-29 08:00:00+03:00,DOWN,0.72,62707.17,62936.02,57525.52768112171422955443268,57315.58809989320871253885803,-0.0037,0.0000,-1,0.0000,-1,LOSS DeActive Stop Loss and DeActive Take Profit,OK
358,2024-02-29 12:00:00+03:00,DOWN,0.72,62936.02,62768.02,57315.58809989320871253885803,57468.58504505723495798155568,1.0027,0.0000,-1,0.0000,-1,WIN DeActive Stop Loss and DeActive Take Profit,OK
365,2024-03-01 00:00:00+03:00,UP,0.84,61130.99,61105.91,57468.58504505723495798155568,57445.00760728091176326892012,-0.0004,0.0000,-1,0.0000,-1,LOSS DeActive Stop Loss and DeActive Take Profit,OK
368,2024-03-02 12:00:00+03:00,UP,0.70,61826.32,61771.20,58122.25728624586362542720502,58070.43956813458234581953069,-0.0009,0.0000,-1,0.0000,-1,LOSS DeActive Stop Loss and DeActive Take Profit,OK
387,2024-03-05 04:00:00+03:00,UP,0.78,68113.95,66129.64,64033.19050337277785074653273,62167.76205225890709714885043,-0.0291,0.0000,-1,0.0000,-1,LOSS DeActive Stop Loss and DeActive Take Profit,OK
388,2024-03-05 12:00:00+03:00,DOWN,0.73,66656.32,66773.05,62662.88824556169418611419723,62553.15163026543395809163147,-0.0018,0.0000,-1,0.0000,-1,LOSS DeActive Stop Loss and DeActive Take Profit,OK
391,2024-03-06 00:00:00+03:00,UP,0.76,63724.01,63263.21,62553.15163026543395809163147,62100.81832181189639873388509,-0.0072,0.0000,-1,0.0000,-1,LOSS DeActive Stop Loss and DeActive Take Profit,OK
394,2024-03-06 12:00:00+03:00,DOWN,0.70,67301.31,66481.12,66064.72269001118029292337218,66869.84260377096104554843729,1.0122,0.0000,-1,0.0000,-1,WIN DeActive Stop Loss and DeActive Take Profit,OK
405,2024-03-08 16:00:00+03:00,DOWN,0.77,67617.60,68863.99,66869.84260377096104554843729,65637.23595812080356972023403,-0.0184,0.0000,-1,0.0000,-1,LOSS DeActive Stop Loss and DeActive Take Profit,OK
413,2024-03-09 16:00:00+03:00,UP,0.75,68288.19,68193.51,65637.23595812080356972023403,65546.23144474133227780312345,-0.0014,0.0000,-1,0.0000,-1,LOSS DeActive Stop Loss and DeActive Take Profit,OK
415,2024-03-10 08:00:00+03:00,DOWN,0.76,69347.16,69568.46,66655.09664182864803530391162,66442.38752891275241953229594,-0.0032,0.0000,-1,0.0000,-1,LOSS DeActive Stop Loss and DeActive Take Profit,OK
416,2024-03-10 12:00:00+03:00,DOWN,0.76,69568.45,69194.83,66442.38752891275241953229594,66799.21889181579801791756478,1.0054,0.0000,-1,0.0000,-1,WIN DeActive Stop Loss and DeActive Take Profit,OK
425,2024-03-11 00:00:00+03:00,UP,0.74,68955.88,68604.42,66799.21889181579801791756478,66458.75113951218619581657343,-0.0051,0.0000,-1,0.0000,-1,LOSS DeActive Stop Loss and DeActive Take Profit,OK
423,2024-03-11 16:00:00+03:00,UP,0.83,72010.01,71970.00,69757.82805457409191831391346,69719.06940559649131226411928,-0.0006,0.0000,-1,0.0000,-1,LOSS DeActive Stop Loss and DeActive Take Profit,OK
436,2024-03-13 12:00:00+03:00,DOWN,0.70,73065.40,72634.95,70780.20972276879083405728471,71197.19698726287183566023164,1.0059,0.0000,-1,0.0000,-1,WIN DeActive Stop Loss and DeActive Take Profit,OK
439,2024-03-14 00:00:00+03:00,DOWN,0.74,73072.40,73267.08,71197.19698726287183566023164,71007.51291626643082798884909,-0.0027,0.0000,-1,0.0000,-1,LOSS DeActive Stop Loss and DeActive Take Profit,OK
440,2024-03-14 04:00:00+03:00,DOWN,0.74,73267.08,73224.00,71007.51291626643082798884909,71049.26432298869624159711299,1.0006,0.0000,-1,0.0000,-1,WIN DeActive Stop Loss and DeActive Take Profit,OK
444,2024-03-14 20:00:00+03:00,DOWN,0.70,69415.09,71388.94,71049.26432298869624159711299,69028.94582474960675721444547,-0.0284,0.0000,-1,0.0000,-1,LOSS DeActive Stop Loss and DeActive Take Profit,OK
448,2024-03-15 12:00:00+03:00,UP,0.73,67757.75,68157.07,69028.94582474960675721444547,69435.75742411261708400792480,1.0059,0.0000,-1,0.0000,-1,WIN DeActive Stop Loss and DeActive Take Profit,OK
451,2024-03-16 08:00:00+03:00,UP,0.78,69432.45,68256.01,70735.06469045438837166160515,69536.55362675955748702542165,-0.0169,0.0000,-1,0.0000,-1,LOSS DeActive Stop Loss and DeActive Take Profit,OK
459,2024-03-17 04:00:00+03:00,UP,0.74,66538.99,65636.67,67787.32080010856081440461669,66868.07247210788096347730965,-0.0136,0.0000,-1,0.0000,-1,LOSS DeActive Stop Loss and DeActive Take Profit,OK
462,2024-03-17 20:00:00+03:00,DOWN,0.81,68536.72,68393.48,69822.52999673148633815784070,69968.45730689065091596485756,1.0021,0.0000,-1,0.0000,-1,WIN DeActive Stop Loss and DeActive Take Profit,OK
464,2024-03-18 00:00:00+03:00,DOWN,0.73,68393.47,67972.01,69968.45730689065091596485756,70399.62282629714006960836399,1.0062,0.0000,-1,0.0000,-1,WIN DeActive Stop Loss and DeActive Take Profit,OK
465,2024-03-18 08:00:00+03:00,DOWN,0.80,68218.38,68253.40,70399.62282629714006960836399,70363.48308226661741801157020,-0.0005,0.0000,-1,0.0000,-1,LOSS DeActive Stop Loss and DeActive Take Profit,OK
467,2024-03-18 16:00:00+03:00,UP,0.71,67467.19,66936.00,70363.48308226661741801157020,69809.48967334489999497566838,-0.0079,0.0000,-1,0.0000,-1,LOSS DeActive Stop Loss and DeActive Take Profit,OK
475,2024-03-20 00:00:00+03:00,UP,0.80,61937.41,61860.81,64596.31564163871672041660560,64516.42728695695773661692925,-0.0012,0.0000,-1,0.0000,-1,LOSS DeActive Stop Loss and DeActive Take Profit,OK
476,2024-03-20 04:00:00+03:00,UP,0.82,61860.82,62957.85,64516.43771624608068165397882,65660.56202090052008110252904,1.0177,0.0000,-1,0.0000,-1,WIN DeActive Stop Loss and DeActive Take Profit,OK
477,2024-03-20 08:00:00+03:00,UP,0.77,62957.85,63392.94,65660.56202090052008110252904,66114.32996135073569809210062,1.0069,0.0000,-1,0.0000,-1,WIN DeActive Stop Loss and DeActive Take Profit,OK
483,2024-03-21 16:00:00+03:00,UP,0.77,66557.77,65223.74,69415.02267084774985864992966,68023.72421397951308112666279,-0.0200,0.0000,-1,0.0000,-1,LOSS DeActive Stop Loss and DeActive Take Profit,OK
493,2024-03-23 00:00:00+03:00,UP,0.71,63796.64,63556.00,66535.36036324402684378308421,66284.38994978947747222232550,-0.0038,0.0000,-1,0.0000,-1,LOSS DeActive Stop Loss and DeActive Take Profit,OK
500,2024-03-24 00:00:00+03:00,UP,0.71,63990.02,63962.98,66737.04195630353797024759351,66708.84115851509459006556677,-0.0004,0.0000,-1,0.0000,-1,LOSS DeActive Stop Loss and DeActive Take Profit,OK
505,2024-03-25 08:00:00+03:00,UP,0.72,66821.19,66810.15,69689.75100492436802460959995,69678.23706973263670370687897,-0.0002,0.0000,-1,0.0000,-1,LOSS DeActive Stop Loss and DeActive Take Profit,OK
515,2024-03-26 16:00:00+03:00,UP,0.71,70250.01,69477.67,73265.76651797800821823892455,72460.27080185647122675273613,-0.0110,0.0000,-1,0.0000,-1,LOSS DeActive Stop Loss and DeActive Take Profit,OK
517,2024-03-27 00:00:00+03:00,DOWN,0.70,69987.99,70387.99,72992.49828437860235746619351,72575.32671946080087548354938,-0.0057,0.0000,-1,0.0000,-1,LOSS DeActive Stop Loss and DeActive Take Profit,OK
521,2024-03-27 16:00:00+03:00,UP,0.71,68873.99,68652.00,72575.32671946080087548354938,72341.40682054898956345779638,-0.0032,0.0000,-1,0.0000,-1,LOSS DeActive Stop Loss and DeActive Take Profit,OK
527,2024-03-28 00:00:00+03:00,UP,0.79,69469.99,69290.00,73203.35617912763065145250656,73013.69338978965633706214985,-0.0026,0.0000,-1,0.0000,-1,LOSS DeActive Stop Loss and DeActive Take Profit,OK
528,2024-03-28 04:00:00+03:00,UP,0.75,69290.00,70399.03,73013.69338978965633706214985,74182.32344290090503914747292,1.0160,0.0000,-1,0.0000,-1,WIN DeActive Stop Loss and DeActive Take Profit,OK
525,2024-03-28 16:00:00+03:00,UP,0.81,71290.38,70798.26,75121.57521953518141634534199,74603.00834421430848119459837,-0.0069,0.0000,-1,0.0000,-1,LOSS DeActive Stop Loss and DeActive Take Profit,OK
526,2024-03-28 20:00:00+03:00,UP,0.71,70798.26,70780.60,74603.00834421430848119459837,74584.39928337921416266504840,-0.0003,0.0000,-1,0.0000,-1,LOSS DeActive Stop Loss and DeActive Take Profit,OK
532,2024-03-29 20:00:00+03:00,DOWN,0.78,69665.99,69850.54,73409.88935713886997375102267,73215.42151019002192818882294,-0.0027,0.0000,-1,0.0000,-1,LOSS DeActive Stop Loss and DeActive Take Profit,OK
537,2024-03-30 08:00:00+03:00,DOWN,0.74,69852.18,70183.55,73215.42151019002192818882294,72868.09671337148788148700306,-0.0047,0.0000,-1,0.0000,-1,LOSS DeActive Stop Loss and DeActive Take Profit,OK
539,2024-03-30 16:00:00+03:00,DOWN,0.77,69999.99,69896.34,72868.09671337148788148700306,72975.99356056162254749075718,1.0015,0.0000,-1,0.0000,-1,WIN DeActive Stop Loss and DeActive Take Profit,OK
559,2024-04-03 00:00:00+03:00,UP,0.71,65463.99,66225.79,72975.99356056162254749075718,73825.21023517060748801574597,1.0116,0.0000,-1,0.0000,-1,WIN DeActive Stop Loss and DeActive Take Profit,OK
560,2024-04-03 04:00:00+03:00,UP,0.71,66225.79,66135.99,73825.21023517060748801574597,73725.10567048186129786197334,-0.0014,0.0000,-1,0.0000,-1,LOSS DeActive Stop Loss and DeActive Take Profit,OK
561,2024-04-03 08:00:00+03:00,UP,0.79,66135.98,66059.76,73725.09452298022558002342615,73640.12826551278421461673851,-0.0012,0.0000,-1,0.0000,-1,LOSS DeActive Stop Loss and DeActive Take Profit,OK
563,2024-04-03 16:00:00+03:00,UP,0.77,65836.02,65784.00,73390.71406391523329496189342,73332.72476040622909883940732,-0.0008,0.0000,-1,0.0000,-1,LOSS DeActive Stop Loss and DeActive Take Profit,OK
564,2024-04-03 20:00:00+03:00,UP,0.71,65784.01,65963.28,73332.73590790786481667795451,73532.57716973137850831344248,1.0027,0.0000,-1,0.0000,-1,WIN DeActive Stop Loss and DeActive Take Profit,OK
569,2024-04-04 00:00:00+03:00,UP,0.82,65963.27,65620.01,73532.56602222974279047489529,73149.91688108209226450402676,-0.0052,0.0000,-1,0.0000,-1,LOSS DeActive Stop Loss and DeActive Take Profit,OK
575,2024-04-05 00:00:00+03:00,DOWN,0.71,68487.80,67863.99,76346.78625267161828522883316,77042.17855220933277164113723,1.0091,0.0000,-1,0.0000,-1,WIN DeActive Stop Loss and DeActive Take Profit,OK
572,2024-04-05 12:00:00+03:00,DOWN,0.73,66478.00,68190.62,77042.17855220933277164113723,75057.40199707703716269730553,-0.0258,0.0000,-1,0.0000,-1,LOSS DeActive Stop Loss and DeActive Take Profit,OK
579,2024-04-06 08:00:00+03:00,UP,0.73,67992.02,67668.16,75057.40199707703716269730553,74699.88812690854725380047987,-0.0048,0.0000,-1,0.0000,-1,LOSS DeActive Stop Loss and DeActive Take Profit,OK
581,2024-04-06 16:00:00+03:00,DOWN,0.71,68104.01,68259.98,75181.02942349638251222288915,75008.85182104415200802157407,-0.0023,0.0000,-1,0.0000,-1,LOSS DeActive Stop Loss and DeActive Take Profit,OK
583,2024-04-07 08:00:00+03:00,UP,0.70,69364.00,69357.00,75008.85182104415200802157407,75001.28216008533606511089777,-0.0001,0.0000,-1,0.0000,-1,LOSS DeActive Stop Loss and DeActive Take Profit,OK
593,2024-04-08 00:00:00+03:00,UP,0.74,69360.38,69458.95,75004.93722494830719183062433,75111.52886504980540507424763,1.0014,0.0000,-1,0.0000,-1,WIN DeActive Stop Loss and DeActive Take Profit,OK
590,2024-04-08 12:00:00+03:00,DOWN,0.73,72404.00,71773.98,78296.24743744421864351528241,78977.53855134039297959875153,1.0087,0.0000,-1,0.0000,-1,WIN DeActive Stop Loss and DeActive Take Profit,OK
592,2024-04-08 20:00:00+03:00,UP,0.71,71766.00,71620.00,78977.53855134039297959875153,78816.86747271687073542990534,-0.0020,0.0000,-1,0.0000,-1,LOSS DeActive Stop Loss and DeActive Take Profit,OK
595,2024-04-09 00:00:00+03:00,DOWN,0.72,71620.00,71285.00,78816.86747271687073542990534,79185.53056407906218609129906,1.0047,0.0000,-1,0.0000,-1,WIN DeActive Stop Loss and DeActive Take Profit,OK
596,2024-04-09 04:00:00+03:00,DOWN,0.75,71285.00,70383.99,79185.53056407906218609129906,80186.39967951065194298672054,1.0126,0.0000,-1,0.0000,-1,WIN DeActive Stop Loss and DeActive Take Profit,OK
597,2024-04-09 08:00:00+03:00,DOWN,0.71,70383.98,70794.85,80186.39967951065194298672054,79718.30756485159825543147070,-0.0058,0.0000,-1,0.0000,-1,LOSS DeActive Stop Loss and DeActive Take Profit,OK
604,2024-04-10 12:00:00+03:00,UP,0.84,69043.00,68657.32,79718.30756485159825543147070,79272.99439969927340837739124,-0.0056,0.0000,-1,0.0000,-1,LOSS DeActive Stop Loss and DeActive Take Profit,OK
607,2024-04-11 00:00:00+03:00,DOWN,0.77,70631.08,70851.67,81551.93370910357928402938231,81297.23647019839535431651311,-0.0031,0.0000,-1,0.0000,-1,LOSS DeActive Stop Loss and DeActive Take Profit,OK
611,2024-04-11 16:00:00+03:00,DOWN,0.88,70000.00,70459.67,81297.23647019839535431651311,80763.38074608045112013767493,-0.0066,0.0000,-1,0.0000,-1,LOSS DeActive Stop Loss and DeActive Take Profit,OK
617,2024-04-12 00:00:00+03:00,DOWN,0.81,70006.22,70977.27,80763.38074608045112013767493,79643.11913399110502974442575,-0.0139,0.0000,-1,0.0000,-1,LOSS DeActive Stop Loss and DeActive Take Profit,OK
621,2024-04-13 16:00:00+03:00,DOWN,0.72,67675.99,64788.01,79643.11913399110502974442575,83041.77994702957896272717646,1.0427,0.0000,-1,0.0000,-1,WIN DeActive Stop Loss and DeActive Take Profit,OK
622,2024-04-13 20:00:00+03:00,DOWN,0.76,64788.01,63924.51,83041.77994702957896272717646,84148.56771507894552660705045,1.0133,0.0000,-1,0.0000,-1,WIN DeActive Stop Loss and DeActive Take Profit,OK
629,2024-04-14 08:00:00+03:00,UP,0.75,64464.30,64166.05,84148.56771507894552660705045,83759.24664402066527686710830,-0.0046,0.0000,-1,0.0000,-1,LOSS DeActive Stop Loss and DeActive Take Profit,OK
630,2024-04-14 12:00:00+03:00,UP,0.81,64166.05,64180.97,83759.24664402066527686710830,83778.72248770948184459927908,1.0002,0.0000,-1,0.0000,-1,WIN DeActive Stop Loss and DeActive Take Profit,OK
626,2024-04-14 16:00:00+03:00,UP,0.76,64180.98,64168.62,83778.73554122401858492617732,83762.60139725660754087995541,-0.0002,0.0000,-1,0.0000,-1,LOSS DeActive Stop Loss and DeActive Take Profit,OK
632,2024-04-15 04:00:00+03:00,DOWN,0.70,65138.20,66263.84,85028.24405970987615627929526,83558.88824939623799930605642,-0.0173,0.0000,-1,0.0000,-1,LOSS DeActive Stop Loss and DeActive Take Profit,OK
634,2024-04-15 12:00:00+03:00,UP,0.72,65860.12,64568.81,83558.88824939623799930605642,81920.56101911897983319758435,-0.0196,0.0000,-1,0.0000,-1,LOSS DeActive Stop Loss and DeActive Take Profit,OK
638,2024-04-16 00:00:00+03:00,UP,0.79,63419.99,62956.00,80463.01551208571924790920675,79874.33622393930590293962550,-0.0073,0.0000,-1,0.0000,-1,LOSS DeActive Stop Loss and DeActive Take Profit,OK
637,2024-04-16 12:00:00+03:00,UP,0.70,63094.76,61762.20,80050.38557419081200382106496,78359.72311980087996439636791,-0.0211,0.0000,-1,0.0000,-1,LOSS DeActive Stop Loss and DeActive Take Profit,OK
641,2024-04-16 16:00:00+03:00,UP,0.77,61762.19,62721.43,78359.71043247382234648768519,79576.72959314876261896903417,1.0155,0.0000,-1,0.0000,-1,WIN DeActive Stop Loss and DeActive Take Profit,OK
645,2024-04-17 08:00:00+03:00,DOWN,0.70,63297.85,62595.04,80308.05249940397411125844993,81199.73053234041835138877902,1.0111,0.0000,-1,0.0000,-1,WIN DeActive Stop Loss and DeActive Take Profit,OK
647,2024-04-17 16:00:00+03:00,UP,0.79,60304.95,61022.35,81199.73053234041835138877902,82165.69910845068817377129174,1.0119,0.0000,-1,0.0000,-1,WIN DeActive Stop Loss and DeActive Take Profit,OK
648,2024-04-17 20:00:00+03:00,UP,0.75,61022.36,61277.37,82165.71257330399330716719894,82509.07979743820003619670070,1.0042,0.0000,-1,0.0000,-1,WIN DeActive Stop Loss and DeActive Take Profit,OK
654,2024-04-18 04:00:00+03:00,UP,0.70,61987.99,61178.08,83465.91920300758941615413196,82375.38726897153054823411402,-0.0131,0.0000,-1,0.0000,-1,LOSS DeActive Stop Loss and DeActive Take Profit,OK
651,2024-04-18 16:00:00+03:00,DOWN,0.71,63498.69,63477.04,85500.05459181409153585480377,85529.20599921970533799389131,1.0003,0.0000,-1,0.0000,-1,WIN DeActive Stop Loss and DeActive Take Profit,OK
652,2024-04-18 20:00:00+03:00,DOWN,0.73,63477.04,63470.08,85529.20599921970533799389131,85538.58392978727069940886020,1.0001,0.0000,-1,0.0000,-1,WIN DeActive Stop Loss and DeActive Take Profit,OK
660,2024-04-19 04:00:00+03:00,UP,0.77,61785.14,64547.18,85538.58392978727069940886020,89362.49677286619927612803976,1.0447,0.0000,-1,0.0000,-1,WIN DeActive Stop Loss and DeActive Take Profit,OK
655,2024-04-19 08:00:00+03:00,UP,0.77,64547.18,64870.74,89362.49677286619927612803976,89810.45018393432940106586025,1.0050,0.0000,-1,0.0000,-1,WIN DeActive Stop Loss and DeActive Take Profit,OK
656,2024-04-19 12:00:00+03:00,UP,0.76,64870.73,64437.17,89810.43633941056045156267884,89210.19316688398579162930804,-0.0067,0.0000,-1,0.0000,-1,LOSS DeActive Stop Loss and DeActive Take Profit,OK
663,2024-04-20 08:00:00+03:00,UP,0.73,63961.22,63707.17,88551.26305810083418770992472,88199.54293175067205938611060,-0.0040,0.0000,-1,0.0000,-1,LOSS DeActive Stop Loss and DeActive Take Profit,OK
665,2024-04-20 16:00:00+03:00,UP,0.73,64808.35,64866.44,89724.07420013985345071702041,89804.49703871368111469785238,1.0009,0.0000,-1,0.0000,-1,WIN DeActive Stop Loss and DeActive Take Profit,OK
671,2024-04-21 12:00:00+03:00,UP,0.73,65234.02,65043.69,90313.39404341272695264025583,90049.89122251831105858840957,-0.0029,0.0000,-1,0.0000,-1,LOSS DeActive Stop Loss and DeActive Take Profit,OK
672,2024-04-21 16:00:00+03:00,UP,0.82,65043.70,64538.00,90049.90506704208000809159098,89349.78750004630363220750201,-0.0078,0.0000,-1,0.0000,-1,LOSS DeActive Stop Loss and DeActive Take Profit,OK
673,2024-04-22 08:00:00+03:00,UP,0.76,65980.01,65877.47,91346.18167205259094047053371,91204.21992532578273484831801,-0.0016,0.0000,-1,0.0000,-1,LOSS DeActive Stop Loss and DeActive Take Profit,OK
682,2024-04-23 12:00:00+03:00,DOWN,0.70,66043.99,66419.56,91434.75893512632986182521833,90914.80015593589337084086536,-0.0057,0.0000,-1,0.0000,-1,LOSS DeActive Stop Loss and DeActive Take Profit,OK
685,2024-04-24 00:00:00+03:00,DOWN,0.84,66414.00,66608.14,90914.80015593589337084086536,90649.03993516507103911841158,-0.0029,0.0000,-1,0.0000,-1,LOSS DeActive Stop Loss and DeActive Take Profit,OK
686,2024-04-24 04:00:00+03:00,DOWN,0.82,66608.14,66630.90,90649.03993516507103911841158,90618.06516017624299172284802,-0.0003,0.0000,-1,0.0000,-1,LOSS DeActive Stop Loss and DeActive Take Profit,OK
690,2024-04-24 20:00:00+03:00,UP,0.81,63976.05,64289.59,90618.06516017624299172284802,91062.17491922391253724222256,1.0049,0.0000,-1,0.0000,-1,WIN DeActive Stop Loss and DeActive Take Profit,OK
695,2024-04-25 00:00:00+03:00,UP,0.70,64289.58,64282.01,91062.16075485065720556060237,91051.43832429637112257412005,-0.0001,0.0000,-1,0.0000,-1,LOSS DeActive Stop Loss and DeActive Take Profit,OK
696,2024-04-25 04:00:00+03:00,UP,0.74,64282.02,64017.99,91051.45248866962645425574024,90677.47054160910406443791648,-0.0041,0.0000,-1,0.0000,-1,LOSS DeActive Stop Loss and DeActive Take Profit,OK
691,2024-04-25 08:00:00+03:00,UP,0.80,64017.99,63861.23,90677.47054160910406443791648,90455.42982645852462335984940,-0.0025,0.0000,-1,0.0000,-1,LOSS DeActive Stop Loss and DeActive Take Profit,OK
699,2024-04-26 16:00:00+03:00,UP,0.72,63503.22,63742.05,89948.33109954439508967549882,90286.61882600148164181044882,1.0038,0.0000,-1,0.0000,-1,WIN DeActive Stop Loss and DeActive Take Profit,OK
708,2024-04-27 16:00:00+03:00,DOWN,0.78,62951.75,63352.11,89167.20840763261884336699120,88600.12355998215963802114444,-0.0064,0.0000,-1,0.0000,-1,LOSS DeActive Stop Loss and DeActive Take Profit,OK
709,2024-04-28 00:00:00+03:00,DOWN,0.74,63461.98,64021.62,88600.12355998215963802114444,87818.80263130788228613546183,-0.0088,0.0000,-1,0.0000,-1,LOSS DeActive Stop Loss and DeActive Take Profit,OK
713,2024-04-28 16:00:00+03:00,DOWN,0.92,63540.00,63730.49,87818.80263130788228613546183,87555.52589675897075801638809,-0.0030,0.0000,-1,0.0000,-1,LOSS DeActive Stop Loss and DeActive Take Profit,OK
716,2024-04-29 00:00:00+03:00,UP,0.72,63118.62,62279.67,87555.52589675897075801638809,86391.76933092964910115130061,-0.0133,0.0000,-1,0.0000,-1,LOSS DeActive Stop Loss and DeActive Take Profit,OK
717,2024-04-29 04:00:00+03:00,UP,0.80,62279.68,62399.98,86391.78320251396079221342427,86558.65836178360426956114467,1.0019,0.0000,-1,0.0000,-1,WIN DeActive Stop Loss and DeActive Take Profit,OK
715,2024-04-29 08:00:00+03:00,UP,0.73,62399.98,62256.00,86558.65836178360426956114467,86358.93529086387635710457956,-0.0023,0.0000,-1,0.0000,-1,LOSS DeActive Stop Loss and DeActive Take Profit,OK
719,2024-04-29 16:00:00+03:00,UP,0.74,63039.07,62987.37,87445.17744355946835882261289,87373.46135266802556764325176,-0.0008,0.0000,-1,0.0000,-1,LOSS DeActive Stop Loss and DeActive Take Profit,OK
721,2024-04-30 00:00:00+03:00,DOWN,0.87,63866.00,63647.99,88592.26036504613735901505202,88894.67477462531420437312786,1.0034,0.0000,-1,0.0000,-1,WIN DeActive Stop Loss and DeActive Take Profit,OK
722,2024-04-30 04:00:00+03:00,DOWN,0.83,63647.99,63148.74,88894.67477462531420437312786,89591.95785271201714843362822,1.0078,0.0000,-1,0.0000,-1,WIN DeActive Stop Loss and DeActive Take Profit,OK
732,2024-05-01 04:00:00+03:00,UP,0.76,60246.02,57499.99,89591.95785271201714843362822,85508.33201282611629639206272,-0.0456,0.0000,-1,0.0000,-1,LOSS DeActive Stop Loss and DeActive Take Profit,OK
737,2024-05-02 00:00:00+03:00,UP,0.83,58364.97,57442.88,86794.64522826240305181677160,85423.40363559939852649876446,-0.0158,0.0000,-1,0.0000,-1,LOSS DeActive Stop Loss and DeActive Take Profit,OK
738,2024-05-02 04:00:00+03:00,UP,0.76,57442.88,57681.08,85423.40363559939852649876446,85777.63125695124886424318128,1.0042,0.0000,-1,0.0000,-1,WIN DeActive Stop Loss and DeActive Take Profit,OK
739,2024-05-03 04:00:00+03:00,UP,0.74,59720.30,59190.74,88810.15875490725325439922517,88022.64918663233358665811111,-0.0089,0.0000,-1,0.0000,-1,LOSS DeActive Stop Loss and DeActive Take Profit,OK
749,2024-05-04 20:00:00+03:00,DOWN,0.71,63921.17,63892.04,95057.27961010602541359480980,95100.59888218822272819806279,1.0005,0.0000,-1,0.0000,-1,WIN DeActive Stop Loss and DeActive Take Profit,OK
755,2024-05-05 00:00:00+03:00,UP,0.74,63892.03,63235.93,95100.59888218822272819806279,94124.02163262198273031459047,-0.0103,0.0000,-1,0.0000,-1,LOSS DeActive Stop Loss and DeActive Take Profit,OK
758,2024-05-06 04:00:00+03:00,DOWN,0.80,63866.59,64540.75,95062.73251238336806344245306,94059.27371255471944741879555,-0.0106,0.0000,-1,0.0000,-1,LOSS DeActive Stop Loss and DeActive Take Profit,OK
759,2024-05-06 08:00:00+03:00,DOWN,0.70,64540.75,64203.56,94059.27371255471944741879555,94550.68179974205962940421010,1.0052,0.0000,-1,0.0000,-1,WIN DeActive Stop Loss and DeActive Take Profit,OK
766,2024-05-07 12:00:00+03:00,DOWN,0.82,63490.43,63740.48,94550.68179974205962940421010,94178.30445115542221002726585,-0.0039,0.0000,-1,0.0000,-1,LOSS DeActive Stop Loss and DeActive Take Profit,OK
769,2024-05-08 00:00:00+03:00,DOWN,0.71,62312.07,62893.99,94178.30445115542221002726585,93298.79204005727760830790288,-0.0093,0.0000,-1,0.0000,-1,LOSS DeActive Stop Loss and DeActive Take Profit,OK
780,2024-05-09 04:00:00+03:00,UP,0.70,61680.40,61253.16,93298.79204005727760830790288,92652.54175777645466803232964,-0.0069,0.0000,-1,0.0000,-1,LOSS DeActive Stop Loss and DeActive Take Profit,OK
777,2024-05-09 08:00:00+03:00,UP,0.80,61253.16,61053.99,92652.54175777645466803232964,92351.27392535937877388691740,-0.0033,0.0000,-1,0.0000,-1,LOSS DeActive Stop Loss and DeActive Take Profit,OK
778,2024-05-09 12:00:00+03:00,UP,0.74,61053.99,62159.06,92351.27392535937877388691740,94022.82106382972098578263815,1.0181,0.0000,-1,0.0000,-1,WIN DeActive Stop Loss and DeActive Take Profit,OK
786,2024-05-10 04:00:00+03:00,DOWN,0.76,62916.16,63078.02,95168.02303161085348293327131,94923.19092157908211060623197,-0.0026,0.0000,-1,0.0000,-1,LOSS DeActive Stop Loss and DeActive Take Profit,OK
781,2024-05-10 08:00:00+03:00,DOWN,0.73,63078.01,63299.63,94923.19092157908211060623197,94589.68519474907659557250542,-0.0035,0.0000,-1,0.0000,-1,LOSS DeActive Stop Loss and DeActive Take Profit,OK
790,2024-05-11 08:00:00+03:00,UP,0.70,61018.53,60684.01,94589.68519474907659557250542,94071.11908882440975907626540,-0.0055,0.0000,-1,0.0000,-1,LOSS DeActive Stop Loss and DeActive Take Profit,OK
792,2024-05-11 20:00:00+03:00,DOWN,0.73,61144.01,60825.99,94784.20174075956085553767397,95277.18988199524944618258082,1.0052,0.0000,-1,0.0000,-1,WIN DeActive Stop Loss and DeActive Take Profit,OK
795,2024-05-12 08:00:00+03:00,UP,0.74,60819.99,61146.00,95277.18988199524944618258082,95787.89888858057231900695952,1.0054,0.0000,-1,0.0000,-1,WIN DeActive Stop Loss and DeActive Take Profit,OK
796,2024-05-12 12:00:00+03:00,UP,0.71,61145.99,61419.00,95787.88322314065988310398647,96215.56539819007247017120411,1.0045,0.0000,-1,0.0000,-1,WIN DeActive Stop Loss and DeActive Take Profit,OK
807,2024-05-14 08:00:00+03:00,DOWN,0.72,62035.39,61798.57,97181.16744895270909352698699,97552.15639695901614773473939,1.0038,0.0000,-1,0.0000,-1,WIN DeActive Stop Loss and DeActive Take Profit,OK
810,2024-05-14 20:00:00+03:00,DOWN,0.74,61596.51,61577.49,97552.15639695901614773473939,97582.27891550219595592728007,1.0003,0.0000,-1,0.0000,-1,WIN DeActive Stop Loss and DeActive Take Profit,OK
822,2024-05-16 04:00:00+03:00,DOWN,0.72,65975.39,66142.62,97582.27891550219595592728007,97334.93389028840893277046786,-0.0025,0.0000,-1,0.0000,-1,LOSS DeActive Stop Loss and DeActive Take Profit,OK
817,2024-05-16 08:00:00+03:00,DOWN,0.72,66142.62,66503.80,97334.93389028840893277046786,96803.42438216045198854391562,-0.0055,0.0000,-1,0.0000,-1,LOSS DeActive Stop Loss and DeActive Take Profit,OK
818,2024-05-16 12:00:00+03:00,UP,0.71,66503.81,65818.88,96803.42438216045198854391562,95806.43534556129837042018133,-0.0103,0.0000,-1,0.0000,-1,LOSS DeActive Stop Loss and DeActive Take Profit,OK
826,2024-05-17 12:00:00+03:00,DOWN,0.80,66217.99,67195.10,96387.38273346530053199780766,94965.09438640589447326935066,-0.0148,0.0000,-1,0.0000,-1,LOSS DeActive Stop Loss and DeActive Take Profit,OK
827,2024-05-17 16:00:00+03:00,DOWN,0.71,67195.09,67047.99,94965.09438640589447326935066,95172.98703725642993764655323,1.0022,0.0000,-1,0.0000,-1,WIN DeActive Stop Loss and DeActive Take Profit,OK
828,2024-05-17 20:00:00+03:00,DOWN,0.73,67047.99,67024.00,95172.98703725642993764655323,95207.04025733094345780135789,1.0004,0.0000,-1,0.0000,-1,WIN DeActive Stop Loss and DeActive Take Profit,OK
829,2024-05-18 08:00:00+03:00,DOWN,0.83,66887.01,67190.82,95207.04025733094345780135789,94774.59678436691480811415213,-0.0045,0.0000,-1,0.0000,-1,LOSS DeActive Stop Loss and DeActive Take Profit,OK
839,2024-05-19 00:00:00+03:00,DOWN,0.74,66915.20,67170.21,94774.59678436691480811415213,94413.41621663370311711992081,-0.0038,0.0000,-1,0.0000,-1,LOSS DeActive Stop Loss and DeActive Take Profit,OK
835,2024-05-19 08:00:00+03:00,DOWN,0.81,67324.44,67330.00,94413.41621663370311711992081,94405.61906905751112221686351,-0.0001,0.0000,-1,0.0000,-1,LOSS DeActive Stop Loss and DeActive Take Profit,OK
841,2024-05-20 00:00:00+03:00,UP,0.77,66274.00,66675.22,94405.61906905751112221686351,94977.14670407104968352983465,1.0061,0.0000,-1,0.0000,-1,WIN DeActive Stop Loss and DeActive Take Profit,OK
842,2024-05-20 04:00:00+03:00,UP,0.74,66675.21,66825.14,94977.13245932664478002150224,95190.70391218936308044933177,1.0023,0.0000,-1,0.0000,-1,WIN DeActive Stop Loss and DeActive Take Profit,OK
845,2024-05-20 16:00:00+03:00,DOWN,0.74,67420.00,69999.99,96038.06677785945317711109843,92362.93696613875293085754069,-0.0383,0.0000,-1,0.0000,-1,LOSS DeActive Stop Loss and DeActive Take Profit,OK
846,2024-05-20 20:00:00+03:00,DOWN,0.71,70000.00,71446.62,92362.93696613875293085754069,90454.16451079652946278843876,-0.0207,0.0000,-1,0.0000,-1,LOSS DeActive Stop Loss and DeActive Take Profit,OK
849,2024-05-21 08:00:00+03:00,DOWN,0.82,70878.30,71130.00,90454.16451079652946278843876,90132.94753455179043171991922,-0.0036,0.0000,-1,0.0000,-1,LOSS DeActive Stop Loss and DeActive Take Profit,OK
850,2024-05-21 12:00:00+03:00,UP,0.71,71130.00,69826.99,90132.94753455179043171991922,88481.82800739030683196685624,-0.0183,0.0000,-1,0.0000,-1,LOSS DeActive Stop Loss and DeActive Take Profit,OK
851,2024-05-21 16:00:00+03:00,UP,0.81,69827.00,69285.99,88481.84067897016547835943767,87796.29553703753699331142989,-0.0078,0.0000,-1,0.0000,-1,LOSS DeActive Stop Loss and DeActive Take Profit,OK
856,2024-05-22 12:00:00+03:00,DOWN,0.78,69736.14,70455.90,88366.70670437450435536455405,87454.65707246857160292346408,-0.0103,0.0000,-1,0.0000,-1,LOSS DeActive Stop Loss and DeActive Take Profit,OK
864,2024-05-23 04:00:00+03:00,DOWN,0.78,69446.14,69734.04,87454.65707246857160292346408,87092.09990555960154692781526,-0.0042,0.0000,-1,0.0000,-1,LOSS DeActive Stop Loss and DeActive Take Profit,OK
862,2024-05-23 08:00:00+03:00,DOWN,0.81,69734.05,69982.72,87092.09990555960154692781526,86781.53150341580656991623284,-0.0036,0.0000,-1,0.0000,-1,LOSS DeActive Stop Loss and DeActive Take Profit,OK
870,2024-05-24 04:00:00+03:00,UP,0.82,67891.83,67155.93,86781.53150341580656991623284,85840.88033768108278864827536,-0.0108,0.0000,-1,0.0000,-1,LOSS DeActive Stop Loss and DeActive Take Profit,OK
873,2024-05-25 08:00:00+03:00,UP,0.76,68753.93,69104.67,87883.49558818263001308936260,88331.82279278895834444134442,1.0051,0.0000,-1,0.0000,-1,WIN DeActive Stop Loss and DeActive Take Profit,OK
874,2024-05-25 12:00:00+03:00,UP,0.71,69104.68,68930.40,88331.83557511217800368555243,88109.06524603995669562823536,-0.0025,0.0000,-1,0.0000,-1,LOSS DeActive Stop Loss and DeActive Take Profit,OK
875,2024-05-25 16:00:00+03:00,UP,0.71,68930.39,69155.32,88109.05246371673703638402734,88396.56525989653241635494959,1.0033,0.0000,-1,0.0000,-1,WIN DeActive Stop Loss and DeActive Take Profit,OK
882,2024-05-26 04:00:00+03:00,DOWN,0.73,69073.62,69340.15,88292.13367919191639117545220,87951.44641841833855529917999,-0.0039,0.0000,-1,0.0000,-1,LOSS DeActive Stop Loss and DeActive Take Profit,OK
880,2024-05-26 16:00:00+03:00,DOWN,0.75,68847.98,68903.54,87951.44641841833855529917999,87880.47000977123920844641218,-0.0008,0.0000,-1,0.0000,-1,LOSS DeActive Stop Loss and DeActive Take Profit,OK
888,2024-05-27 04:00:00+03:00,UP,0.76,68873.43,68643.36,87880.47000977123920844641218,87586.90745981332265042560114,-0.0033,0.0000,-1,0.0000,-1,LOSS DeActive Stop Loss and DeActive Take Profit,OK
883,2024-05-27 08:00:00+03:00,UP,0.80,68643.36,68434.26,87586.90745981332265042560114,87320.10201279197978833079702,-0.0031,0.0000,-1,0.0000,-1,LOSS DeActive Stop Loss and DeActive Take Profit,OK
893,2024-05-28 16:00:00+03:00,DOWN,0.70,68374.08,68424.29,87243.31410364925184265473145,87179.24762112920581154148366,-0.0007,0.0000,-1,0.0000,-1,LOSS DeActive Stop Loss and DeActive Take Profit,OK
905,2024-05-30 00:00:00+03:00,UP,0.77,67652.41,68118.20,87179.24762112920581154148366,87779.48080941393613785148369,1.0069,0.0000,-1,0.0000,-1,WIN DeActive Stop Loss and DeActive Take Profit,OK
906,2024-05-30 04:00:00+03:00,UP,0.74,68118.20,67584.56,87779.48080941393613785148369,87091.81375216439559096969489,-0.0078,0.0000,-1,0.0000,-1,LOSS DeActive Stop Loss and DeActive Take Profit,OK
911,2024-05-31 00:00:00+03:00,DOWN,0.71,68352.17,68535.81,88080.98268593120433692563879,87844.33779725474525209434486,-0.0027,0.0000,-1,0.0000,-1,LOSS DeActive Stop Loss and DeActive Take Profit,OK
922,2024-06-02 00:00:00+03:00,DOWN,0.76,67766.84,67789.47,87844.33779725474525209434486,87815.00313498700671086894769,-0.0003,0.0000,-1,0.0000,-1,LOSS DeActive Stop Loss and DeActive Take Profit,OK
919,2024-06-02 08:00:00+03:00,DOWN,0.71,67721.01,68251.52,87815.00313498700671086894769,87127.08165665787433481337668,-0.0078,0.0000,-1,0.0000,-1,LOSS DeActive Stop Loss and DeActive Take Profit,OK
929,2024-06-03 00:00:00+03:00,UP,0.72,67765.62,68382.81,87127.08165665787433481337668,87920.61034462195809086406238,1.0091,0.0000,-1,0.0000,-1,WIN DeActive Stop Loss and DeActive Take Profit,OK
927,2024-06-03 16:00:00+03:00,UP,0.71,69615.27,69204.00,89505.19915320313190440969355,88976.42431320412231846214821,-0.0059,0.0000,-1,0.0000,-1,LOSS DeActive Stop Loss and DeActive Take Profit,OK
932,2024-06-04 04:00:00+03:00,UP,0.73,69170.22,69013.63,88932.99295644295193449709343,88731.66328932537732155784154,-0.0023,0.0000,-1,0.0000,-1,LOSS DeActive Stop Loss and DeActive Take Profit,OK
933,2024-06-04 08:00:00+03:00,UP,0.74,69013.62,68955.85,88731.65043220377839604453039,88657.37484072678570564603379,-0.0008,0.0000,-1,0.0000,-1,LOSS DeActive Stop Loss and DeActive Take Profit,OK
935,2024-06-04 16:00:00+03:00,UP,0.75,70445.00,70423.60,90571.99310363077852037549897,90544.47886340907792188964425,-0.0003,0.0000,-1,0.0000,-1,LOSS DeActive Stop Loss and DeActive Take Profit,OK
946,2024-06-06 12:00:00+03:00,DOWN,0.77,71170.01,71300.00,91504.14727667447716094697233,91337.01755301004441341537164,-0.0018,0.0000,-1,0.0000,-1,LOSS DeActive Stop Loss and DeActive Take Profit,OK
947,2024-06-06 16:00:00+03:00,UP,0.71,71300.00,70479.49,91337.01755301004441341537164,90285.92447766053148856752524,-0.0115,0.0000,-1,0.0000,-1,LOSS DeActive Stop Loss and DeActive Take Profit,OK
953,2024-06-07 00:00:00+03:00,DOWN,0.77,70799.06,70989.68,90695.30134581502545621402104,90451.11253395030210886359694,-0.0027,0.0000,-1,0.0000,-1,LOSS DeActive Stop Loss and DeActive Take Profit,OK
954,2024-06-07 04:00:00+03:00,DOWN,0.76,70989.69,71110.00,90451.11253395030210886359694,90297.82022701165283674087913,-0.0017,0.0000,-1,0.0000,-1,LOSS DeActive Stop Loss and DeActive Take Profit,OK
952,2024-06-07 08:00:00+03:00,DOWN,0.76,71110.01,71699.99,90297.82022701165283674087913,89548.64429555654075138720835,-0.0083,0.0000,-1,0.0000,-1,LOSS DeActive Stop Loss and DeActive Take Profit,OK
951,2024-06-07 20:00:00+03:00,UP,0.75,69255.01,69355.60,89548.64429555654075138720835,89678.70994899720926669291747,1.0015,0.0000,-1,0.0000,-1,WIN DeActive Stop Loss and DeActive Take Profit,OK
958,2024-06-08 00:00:00+03:00,UP,0.71,69355.60,69432.00,89678.70994899720926669291747,89777.49726307283382747784816,1.0011,0.0000,-1,0.0000,-1,WIN DeActive Stop Loss and DeActive Take Profit,OK
955,2024-06-08 12:00:00+03:00,DOWN,0.71,69365.94,69430.01,89692.07985511686840227559003,89609.23557222648534455974567,-0.0009,0.0000,-1,0.0000,-1,LOSS DeActive Stop Loss and DeActive Take Profit,OK
960,2024-06-08 16:00:00+03:00,DOWN,0.89,69430.01,69460.01,89609.23557222648534455974567,89570.51633443339278184317987,-0.0004,0.0000,-1,0.0000,-1,LOSS DeActive Stop Loss and DeActive Take Profit,OK
959,2024-06-08 20:00:00+03:00,DOWN,0.73,69460.00,69310.46,89570.51633443339278184317987,89763.35213939525816561220994,1.0022,0.0000,-1,0.0000,-1,WIN DeActive Stop Loss and DeActive Take Profit,OK
961,2024-06-09 20:00:00+03:00,DOWN,0.72,69710.26,69648.14,89763.35213939525816561220994,89843.34179134748490292817794,1.0009,0.0000,-1,0.0000,-1,WIN DeActive Stop Loss and DeActive Take Profit,OK
970,2024-06-10 12:00:00+03:00,DOWN,0.83,69473.89,70066.12,89843.34179134748490292817794,89077.47245095083054855042313,-0.0085,0.0000,-1,0.0000,-1,LOSS DeActive Stop Loss and DeActive Take Profit,OK
975,2024-06-11 04:00:00+03:00,DOWN,0.72,68464.00,67570.18,89077.47245095083054855042313,90240.40810218518541184946113,1.0131,0.0000,-1,0.0000,-1,WIN DeActive Stop Loss and DeActive Take Profit,OK
977,2024-06-11 16:00:00+03:00,DOWN,0.83,66244.48,67407.01,90240.40810218518541184946113,88656.77152399733725307702675,-0.0176,0.0000,-1,0.0000,-1,LOSS DeActive Stop Loss and DeActive Take Profit,OK
980,2024-06-12 04:00:00+03:00,UP,0.71,67407.01,67453.63,88656.77152399733725307702675,88718.08827263295773027574021,1.0007,0.0000,-1,0.0000,-1,WIN DeActive Stop Loss and DeActive Take Profit,OK
983,2024-06-12 16:00:00+03:00,UP,0.74,69734.00,67532.92,91717.33482102870778582336440,88822.37409415415780829131273,-0.0316,0.0000,-1,0.0000,-1,LOSS DeActive Stop Loss and DeActive Take Profit,OK
996,2024-06-14 04:00:00+03:00,DOWN,0.71,66744.00,66904.98,87784.75055632460596634345704,87573.02232390585469179500370,-0.0024,0.0000,-1,0.0000,-1,LOSS DeActive Stop Loss and DeActive Take Profit,OK
991,2024-06-14 08:00:00+03:00,DOWN,0.78,66904.98,67036.00,87573.02232390585469179500370,87401.52810352228765266400058,-0.0020,0.0000,-1,0.0000,-1,LOSS DeActive Stop Loss and DeActive Take Profit,OK
998,2024-06-15 04:00:00+03:00,UP,0.70,66267.87,66076.99,87401.52810352228765266400058,87149.77406820471468303119808,-0.0029,0.0000,-1,0.0000,-1,LOSS DeActive Stop Loss and DeActive Take Profit,OK
1001,2024-06-15 16:00:00+03:00,UP,0.76,66316.02,66154.70,87465.03374476569261121292892,87252.26676562994831395201264,-0.0024,0.0000,-1,0.0000,-1,LOSS DeActive Stop Loss and DeActive Take Profit,OK
1006,2024-06-16 08:00:00+03:00,UP,0.76,66266.30,66492.83,87399.45741075484952628971570,87698.23067993176593875261779,1.0034,0.0000,-1,0.0000,-1,WIN DeActive Stop Loss and DeActive Take Profit,OK
1008,2024-06-16 16:00:00+03:00,UP,0.77,66712.80,66562.52,87988.35188251352686776627856,87790.14569837938570118823183,-0.0023,0.0000,-1,0.0000,-1,LOSS DeActive Stop Loss and DeActive Take Profit,OK
1013,2024-06-17 16:00:00+03:00,DOWN,0.80,65368.00,66691.99,86214.67823050665276067180657,84468.45114951276426494604067,-0.0203,0.0000,-1,0.0000,-1,LOSS DeActive Stop Loss and DeActive Take Profit,OK
1017,2024-06-18 08:00:00+03:00,DOWN,0.73,65672.51,65366.00,84468.45114951276426494604067,84862.68649946112404858836852,1.0047,0.0000,-1,0.0000,-1,WIN DeActive Stop Loss and DeActive Take Profit,OK
1018,2024-06-18 12:00:00+03:00,DOWN,0.70,65366.00,64706.00,84862.68649946112404858836852,85719.54439331487587479875806,1.0101,0.0000,-1,0.0000,-1,WIN DeActive Stop Loss and DeActive Take Profit,OK
1020,2024-06-18 20:00:00+03:00,DOWN,0.84,64412.18,65175.32,85719.54439331487587479875806,84703.95987019651046044554222,-0.0119,0.0000,-1,0.0000,-1,LOSS DeActive Stop Loss and DeActive Take Profit,OK
1021,2024-06-19 00:00:00+03:00,DOWN,0.73,65175.32,65404.00,84703.95987019651046044554222,84406.75992483196851401406040,-0.0035,0.0000,-1,0.0000,-1,LOSS DeActive Stop Loss and DeActive Take Profit,OK
1022,2024-06-19 04:00:00+03:00,DOWN,0.74,65404.00,65326.89,84406.75992483196851401406040,84506.27379642703598835990504,1.0012,0.0000,-1,0.0000,-1,WIN DeActive Stop Loss and DeActive Take Profit,OK
1026,2024-06-19 20:00:00+03:00,UP,0.76,64882.02,64974.37,84506.27379642703598835990504,84626.55603155319323151486598,1.0014,0.0000,-1,0.0000,-1,WIN DeActive Stop Loss and DeActive Take Profit,OK
1032,2024-06-20 04:00:00+03:00,DOWN,0.79,65190.00,65858.84,84907.40560773352118323662258,84036.26786932768457780333553,-0.0103,0.0000,-1,0.0000,-1,LOSS DeActive Stop Loss and DeActive Take Profit,OK
1027,2024-06-20 08:00:00+03:00,DOWN,0.86,65858.84,66169.85,84036.26786932768457780333553,83639.41727690851042926773095,-0.0047,0.0000,-1,0.0000,-1,LOSS DeActive Stop Loss and DeActive Take Profit,OK
1029,2024-06-20 16:00:00+03:00,DOWN,0.83,64831.24,65050.00,83639.41727690851042926773095,83357.19285973715128602896814,-0.0034,0.0000,-1,0.0000,-1,LOSS DeActive Stop Loss and DeActive Take Profit,OK
1030,2024-06-20 20:00:00+03:00,DOWN,0.74,65049.99,64869.99,83357.19285973715128602896814,83587.85076936561836544720040,1.0028,0.0000,-1,0.0000,-1,WIN DeActive Stop Loss and DeActive Take Profit,OK
1035,2024-06-21 20:00:00+03:00,DOWN,0.81,64232.01,64143.56,83587.85076936561836544720040,83702.95452216037582274028223,1.0014,0.0000,-1,0.0000,-1,WIN DeActive Stop Loss and DeActive Take Profit,OK
1045,2024-06-23 00:00:00+03:00,DOWN,0.70,64262.01,64416.14,83702.95452216037582274028223,83502.19615216073561967848942,-0.0024,0.0000,-1,0.0000,-1,LOSS DeActive Stop Loss and DeActive Take Profit,OK
1050,2024-06-23 20:00:00+03:00,DOWN,0.77,64149.78,63210.01,83502.19615216073561967848942,84725.47172501408125100107937,1.0147,0.0000,-1,0.0000,-1,WIN DeActive Stop Loss and DeActive Take Profit,OK
1052,2024-06-24 00:00:00+03:00,DOWN,0.71,63210.01,62862.00,84725.47172501408125100107937,85191.93758089706798706014480,1.0055,0.0000,-1,0.0000,-1,WIN DeActive Stop Loss and DeActive Take Profit,OK
1058,2024-06-25 04:00:00+03:00,UP,0.71,61302.59,60685.16,85191.93758089706798706014480,84333.89784684059049259783017,-0.0101,0.0000,-1,0.0000,-1,LOSS DeActive Stop Loss and DeActive Take Profit,OK
1059,2024-06-25 08:00:00+03:00,UP,0.74,60685.16,61187.64,84333.89784684059049259783017,85032.19207544739419733751542,1.0083,0.0000,-1,0.0000,-1,WIN DeActive Stop Loss and DeActive Take Profit,OK
1074,2024-06-27 04:00:00+03:00,UP,0.75,61037.31,60794.01,84823.27914083017400761152257,84485.16620933034248921643138,-0.0040,0.0000,-1,0.0000,-1,LOSS DeActive Stop Loss and DeActive Take Profit,OK
1076,2024-06-28 00:00:00+03:00,DOWN,0.76,61706.46,61828.17,85753.19392962225070524438435,85584.05408213830292840974995,-0.0020,0.0000,-1,0.0000,-1,LOSS DeActive Stop Loss and DeActive Take Profit,OK
1077,2024-06-28 08:00:00+03:00,DOWN,0.71,61350.01,61690.00,85584.05408213830292840974995,85109.76365337739153470940613,-0.0055,0.0000,-1,0.0000,-1,LOSS DeActive Stop Loss and DeActive Take Profit,OK
1080,2024-06-28 20:00:00+03:00,UP,0.72,60123.73,60427.84,85109.76365337739153470940613,85540.25474607288129456995499,1.0051,0.0000,-1,0.0000,-1,WIN DeActive Stop Loss and DeActive Take Profit,OK
1084,2024-06-29 00:00:00+03:00,UP,0.75,60427.84,60762.00,85540.25474607288129456995499,86013.28392477507740175157022,1.0055,0.0000,-1,0.0000,-1,WIN DeActive Stop Loss and DeActive Take Profit,OK
1091,2024-06-30 00:00:00+03:00,UP,0.75,60986.68,60898.32,86331.33574387613504288625214,86206.25536851664842560540607,-0.0015,0.0000,-1,0.0000,-1,LOSS DeActive Stop Loss and DeActive Take Profit,OK
1094,2024-07-01 04:00:00+03:00,UP,0.73,63437.69,63277.84,89800.92889473461505444721320,89574.64892640942338658456897,-0.0025,0.0000,-1,0.0000,-1,LOSS DeActive Stop Loss and DeActive Take Profit,OK
1095,2024-07-01 08:00:00+03:00,UP,0.80,63277.84,62662.09,89574.64892640942338658456897,88703.00744692092310828351685,-0.0097,0.0000,-1,0.0000,-1,LOSS DeActive Stop Loss and DeActive Take Profit,OK
1104,2024-07-02 20:00:00+03:00,DOWN,0.74,61939.10,62135.47,87679.55950009933834789557096,87401.58266318962369154156754,-0.0032,0.0000,-1,0.0000,-1,LOSS DeActive Stop Loss and DeActive Take Profit,OK
1116,2024-07-04 04:00:00+03:00,DOWN,0.85,59102.00,58219.99,87401.58266318962369154156754,88705.92210897419747909827593,1.0149,0.0000,-1,0.0000,-1,WIN DeActive Stop Loss and DeActive Take Profit,OK
1111,2024-07-04 16:00:00+03:00,DOWN,0.83,58140.00,58283.62,88705.92210897419747909827593,88486.79681600393820421096782,-0.0025,0.0000,-1,0.0000,-1,LOSS DeActive Stop Loss and DeActive Take Profit,OK
1112,2024-07-04 20:00:00+03:00,DOWN,0.81,58283.62,57050.01,88486.79681600393820421096782,90359.67632177572482638880598,1.0212,0.0000,-1,0.0000,-1,WIN DeActive Stop Loss and DeActive Take Profit,OK
1118,2024-07-05 12:00:00+03:00,DOWN,0.78,55486.51,56662.00,90359.67632177572482638880598,88445.39308573359230127284937,-0.0212,0.0000,-1,0.0000,-1,LOSS DeActive Stop Loss and DeActive Take Profit,OK
1119,2024-07-05 16:00:00+03:00,DOWN,0.71,56662.99,56465.42,88445.39308573359230127284937,88753.78055896697419359731859,1.0035,0.0000,-1,0.0000,-1,WIN DeActive Stop Loss and DeActive Take Profit,OK
1125,2024-07-06 00:00:00+03:00,UP,0.75,56628.79,56410.00,88753.78055896697419359731859,88410.87300878805664505324487,-0.0039,0.0000,-1,0.0000,-1,LOSS DeActive Stop Loss and DeActive Take Profit,OK
1126,2024-07-06 08:00:00+03:00,UP,0.72,56606.00,56731.42,88718.06200204674232316759403,88914.63161191666251576505154,1.0022,0.0000,-1,0.0000,-1,WIN DeActive Stop Loss and DeActive Take Profit,OK
1134,2024-07-07 20:00:00+03:00,UP,0.74,57151.10,55857.81,89572.39220727791356367847018,87545.43071191298702975751803,-0.0226,0.0000,-1,0.0000,-1,LOSS DeActive Stop Loss and DeActive Take Profit,OK
1136,2024-07-08 00:00:00+03:00,UP,0.71,55857.81,55160.01,87545.43071191298702975751803,86451.77520428078873287898312,-0.0125,0.0000,-1,0.0000,-1,LOSS DeActive Stop Loss and DeActive Take Profit,OK
1138,2024-07-08 08:00:00+03:00,UP,0.70,55852.00,57154.01,87536.32475246996170429912839,89576.95302345333588675659649,1.0233,0.0000,-1,0.0000,-1,WIN DeActive Stop Loss and DeActive Take Profit,OK
1139,2024-07-08 12:00:00+03:00,UP,0.72,57154.01,55761.52,89576.95302345333588675659649,87394.51628252074803003491252,-0.0244,0.0000,-1,0.0000,-1,LOSS DeActive Stop Loss and DeActive Take Profit,OK
1142,2024-07-09 04:00:00+03:00,UP,0.73,57168.36,57116.84,89599.44364617406108818996848,89518.69682508892085279991099,-0.0009,0.0000,-1,0.0000,-1,LOSS DeActive Stop Loss and DeActive Take Profit,OK
1144,2024-07-09 12:00:00+03:00,UP,0.70,57428.01,57477.01,90006.39069770272300820216623,90083.18794601739442773075352,1.0009,0.0000,-1,0.0000,-1,WIN DeActive Stop Loss and DeActive Take Profit,OK
1151,2024-07-10 00:00:00+03:00,DOWN,0.83,58050.00,58180.01,90981.22989115665109458147252,90777.46641659766270166490857,-0.0022,0.0000,-1,0.0000,-1,LOSS DeActive Stop Loss and DeActive Take Profit,OK
1153,2024-07-11 08:00:00+03:00,DOWN,0.72,58191.50,58777.99,90777.46641659766270166490857,89862.55485256046889848232259,-0.0101,0.0000,-1,0.0000,-1,LOSS DeActive Stop Loss and DeActive Take Profit,OK
1154,2024-07-11 12:00:00+03:00,DOWN,0.79,58777.99,57402.01,89862.55485256046889848232259,91966.21777512767737218027836,1.0234,0.0000,-1,0.0000,-1,WIN DeActive Stop Loss and DeActive Take Profit,OK
1165,2024-07-13 20:00:00+03:00,UP,0.70,58624.38,59204.02,91966.21777512767737218027836,92875.52032930692851158696505,1.0099,0.0000,-1,0.0000,-1,WIN DeActive Stop Loss and DeActive Take Profit,OK
1172,2024-07-14 00:00:00+03:00,UP,0.79,59204.01,59466.15,92875.50464193969748455053888,93286.73328653384021742623561,1.0044,0.0000,-1,0.0000,-1,WIN DeActive Stop Loss and DeActive Take Profit,OK
1175,2024-07-14 16:00:00+03:00,UP,0.83,60084.00,59915.99,94255.97727090284566301732903,93992.41381405436042402119792,-0.0028,0.0000,-1,0.0000,-1,LOSS DeActive Stop Loss and DeActive Take Profit,OK
1178,2024-07-15 04:00:00+03:00,DOWN,0.72,62647.87,62840.12,98278.01429316417445121452361,97976.42465814767967592134936,-0.0031,0.0000,-1,0.0000,-1,LOSS DeActive Stop Loss and DeActive Take Profit,OK
1181,2024-07-15 16:00:00+03:00,UP,0.75,63026.01,63342.00,97976.42465814767967592134936,98467.64360771672403238298143,1.0050,0.0000,-1,0.0000,-1,WIN DeActive Stop Loss and DeActive Take Profit,OK
1184,2024-07-16 04:00:00+03:00,UP,0.82,64752.14,62895.01,100659.7619961001925244897122,97772.77997827317475267544355,-0.0287,0.0000,-1,0.0000,-1,LOSS DeActive Stop Loss and DeActive Take Profit,OK
1185,2024-07-16 08:00:00+03:00,UP,0.71,62895.01,63746.11,97772.77997827317475267544355,99095.84858164104605171811911,1.0135,0.0000,-1,0.0000,-1,WIN DeActive Stop Loss and DeActive Take Profit,OK
1188,2024-07-16 20:00:00+03:00,DOWN,0.79,65165.42,65043.99,101302.2220976157298884520632,101490.9898340826087650150430,1.0019,0.0000,-1,0.0000,-1,WIN DeActive Stop Loss and DeActive Take Profit,OK
1193,2024-07-17 00:00:00+03:00,DOWN,0.87,65044.00,65701.66,101490.9898340826087650150430,100464.8142548703406314377754,-0.0101,0.0000,-1,0.0000,-1,LOSS DeActive Stop Loss and DeActive Take Profit,OK
1202,2024-07-19 04:00:00+03:00,UP,0.84,64324.99,63694.01,100464.8142548703406314377754,99479.32963219821759602611645,-0.0098,0.0000,-1,0.0000,-1,LOSS DeActive Stop Loss and DeActive Take Profit,OK
1203,2024-07-19 08:00:00+03:00,UP,0.75,63694.01,64116.00,99479.32963219821759602611645,100138.4070291385472415194220,1.0066,0.0000,-1,0.0000,-1,WIN DeActive Stop Loss and DeActive Take Profit,OK
1207,2024-07-20 00:00:00+03:00,UP,0.73,66660.01,66602.01,104111.7227204823421689618362,104021.1364766790787754249947,-0.0009,0.0000,-1,0.0000,-1,LOSS DeActive Stop Loss and DeActive Take Profit,OK
1212,2024-07-20 04:00:00+03:00,UP,0.75,66602.00,66562.28,104021.1208583611816610467987,103959.0848996738433508522583,-0.0006,0.0000,-1,0.0000,-1,LOSS DeActive Stop Loss and DeActive Take Profit,OK
1208,2024-07-20 08:00:00+03:00,UP,0.81,66562.27,66483.69,103959.0692813559462364740623,103836.3405393204214526098382,-0.0012,0.0000,-1,0.0000,-1,LOSS DeActive Stop Loss and DeActive Take Profit,OK
1218,2024-07-21 04:00:00+03:00,UP,0.75,67171.33,66701.99,104910.3185511975945548800736,104177.2884190144283286286742,-0.0070,0.0000,-1,0.0000,-1,LOSS DeActive Stop Loss and DeActive Take Profit,OK
1221,2024-07-22 08:00:00+03:00,DOWN,0.70,67236.01,67516.01,105011.3378313561303530518478,104574.0249302369277635636477,-0.0042,0.0000,-1,0.0000,-1,LOSS DeActive Stop Loss and DeActive Take Profit,OK
1223,2024-07-22 16:00:00+03:00,DOWN,0.80,67063.87,68232.07,104574.0249302369277635636477,102752.4274601907944429933458,-0.0174,0.0000,-1,0.0000,-1,LOSS DeActive Stop Loss and DeActive Take Profit,OK
1224,2024-07-22 20:00:00+03:00,DOWN,0.86,68232.08,67532.01,102752.4274601907944429933458,103806.6807072273169917080611,1.0103,0.0000,-1,0.0000,-1,WIN DeActive Stop Loss and DeActive Take Profit,OK
1241,2024-07-25 00:00:00+03:00,UP,0.89,65376.01,64093.59,103806.6807072273169917080611,101770.4022088521109206048192,-0.0196,0.0000,-1,0.0000,-1,LOSS DeActive Stop Loss and DeActive Take Profit,OK
1242,2024-07-25 04:00:00+03:00,UP,0.78,64093.58,64134.00,101770.3863304464530611978301,101834.5668461155207842479955,1.0006,0.0000,-1,0.0000,-1,WIN DeActive Stop Loss and DeActive Take Profit,OK
1238,2024-07-25 12:00:00+03:00,UP,0.70,64096.01,64790.88,101774.2447830213128970961948,102877.5875569689895105516225,1.0108,0.0000,-1,0.0000,-1,WIN DeActive Stop Loss and DeActive Take Profit,OK
1239,2024-07-25 16:00:00+03:00,UP,0.76,64790.89,64692.01,102877.6034353746473699586117,102720.5977602297335536498450,-0.0015,0.0000,-1,0.0000,-1,LOSS DeActive Stop Loss and DeActive Take Profit,OK
1243,2024-07-26 04:00:00+03:00,UP,0.73,67042.00,66890.56,106452.0072114210363366943292,106211.5446361384134772505627,-0.0023,0.0000,-1,0.0000,-1,LOSS DeActive Stop Loss and DeActive Take Profit,OK
1245,2024-07-26 08:00:00+03:00,UP,0.71,66890.56,67322.00,106211.5446361384134772505627,106896.6025698410997323906749,1.0065,0.0000,-1,0.0000,-1,WIN DeActive Stop Loss and DeActive Take Profit,OK
1250,2024-07-27 12:00:00+03:00,DOWN,0.81,68209.88,68844.00,108306.4144513911207601437873,107299.5329918149400441474774,-0.0093,0.0000,-1,0.0000,-1,LOSS DeActive Stop Loss and DeActive Take Profit,OK
1251,2024-07-27 16:00:00+03:00,DOWN,0.75,68844.00,68246.00,107299.5329918149400441474774,108231.5694906979993397491303,1.0087,0.0000,-1,0.0000,-1,WIN DeActive Stop Loss and DeActive Take Profit,OK
1260,2024-07-28 04:00:00+03:00,UP,0.72,67940.94,67560.86,108231.5694906979993397491303,107626.0928085675416865425092,-0.0056,0.0000,-1,0.0000,-1,LOSS DeActive Stop Loss and DeActive Take Profit,OK
1256,2024-07-28 12:00:00+03:00,UP,0.77,67836.01,67645.00,108064.4134491910825813009858,107760.1298745390653314088666,-0.0028,0.0000,-1,0.0000,-1,LOSS DeActive Stop Loss and DeActive Take Profit,OK
1257,2024-07-28 16:00:00+03:00,UP,0.76,67645.00,68112.00,107760.1298745390653314088666,108504.0722302402959250930701,1.0069,0.0000,-1,0.0000,-1,WIN DeActive Stop Loss and DeActive Take Profit,OK
1261,2024-07-29 00:00:00+03:00,DOWN,0.75,68249.88,69347.67,108723.7184229685307736095111,106974.9122588031047919380300,-0.0161,0.0000,-1,0.0000,-1,LOSS DeActive Stop Loss and DeActive Take Profit,OK
1262,2024-07-29 04:00:00+03:00,DOWN,0.81,69347.66,69528.01,106974.9122588031047919380300,106696.7063982755089083966672,-0.0026,0.0000,-1,0.0000,-1,LOSS DeActive Stop Loss and DeActive Take Profit,OK
1263,2024-07-29 08:00:00+03:00,DOWN,0.81,69528.01,69580.01,106696.7063982755089083966672,106616.9079295330506320381661,-0.0008,0.0000,-1,0.0000,-1,LOSS DeActive Stop Loss and DeActive Take Profit,OK
1264,2024-07-29 12:00:00+03:00,DOWN,0.79,69580.01,68104.00,106616.9079295330506320381661,108878.5865678814797004357511,1.0212,0.0000,-1,0.0000,-1,WIN DeActive Stop Loss and DeActive Take Profit,OK
1268,2024-07-30 04:00:00+03:00,DOWN,0.75,66610.00,66952.00,108878.5865678814797004357511,108319.5642498178936614393688,-0.0051,0.0000,-1,0.0000,-1,LOSS DeActive Stop Loss and DeActive Take Profit,OK
1269,2024-07-30 08:00:00+03:00,DOWN,0.79,66952.00,66574.01,108319.5642498178936614393688,108931.1025472666429986524090,1.0057,0.0000,-1,0.0000,-1,WIN DeActive Stop Loss and DeActive Take Profit,OK
1272,2024-07-30 20:00:00+03:00,DOWN,0.72,65931.03,66188.00,108931.1025472666429986524090,108506.5372792650493749616566,-0.0039,0.0000,-1,0.0000,-1,LOSS DeActive Stop Loss and DeActive Take Profit,OK
1273,2024-07-31 00:00:00+03:00,DOWN,0.83,66188.00,66058.00,108506.5372792650493749616566,108719.6552137290678740664039,1.0020,0.0000,-1,0.0000,-1,WIN DeActive Stop Loss and DeActive Take Profit,OK
1275,2024-07-31 08:00:00+03:00,DOWN,0.84,66224.00,66094.01,108719.6552137290678740664039,108933.0592361564754835878748,1.0020,0.0000,-1,0.0000,-1,WIN DeActive Stop Loss and DeActive Take Profit,OK
1276,2024-07-31 12:00:00+03:00,DOWN,0.76,66094.01,66379.99,108933.0592361564754835878748,108461.7203617205617168365994,-0.0043,0.0000,-1,0.0000,-1,LOSS DeActive Stop Loss and DeActive Take Profit,OK
1283,2024-08-01 00:00:00+03:00,UP,0.77,64628.01,63936.01,108461.7203617205617168365994,107300.3739038873307584943740,-0.0107,0.0000,-1,0.0000,-1,LOSS DeActive Stop Loss and DeActive Take Profit,OK
1281,2024-08-01 12:00:00+03:00,UP,0.86,64674.26,62906.60,108539.3392543141844506853391,105572.7703530808187919812666,-0.0273,0.0000,-1,0.0000,-1,LOSS DeActive Stop Loss and DeActive Take Profit,OK
1288,2024-08-02 20:00:00+03:00,UP,0.80,62633.58,61498.33,105114.5755410611241153243383,103209.3463990738763617722987,-0.0181,0.0000,-1,0.0000,-1,LOSS DeActive Stop Loss and DeActive Take Profit,OK
1295,2024-08-03 12:00:00+03:00,UP,0.73,61919.38,60879.00,103915.9720147829542447347178,102169.9581017763981400525148,-0.0168,0.0000,-1,0.0000,-1,LOSS DeActive Stop Loss and DeActive Take Profit,OK
1311,2024-08-06 08:00:00+03:00,UP,0.76,55998.02,55210.01,93978.47134779541021657096087,92655.99646016945020575700561,-0.0141,0.0000,-1,0.0000,-1,LOSS DeActive Stop Loss and DeActive Take Profit,OK
1315,2024-08-07 08:00:00+03:00,DOWN,0.75,56920.91,56963.38,95527.30809991926934828260306,95456.03297843924432111382515,-0.0008,0.0000,-1,0.0000,-1,LOSS DeActive Stop Loss and DeActive Take Profit,OK
1328,2024-08-09 00:00:00+03:00,DOWN,0.77,61686.00,61358.39,95456.03297843924432111382515,95962.99324436776101585882563,1.0053,0.0000,-1,0.0000,-1,WIN DeActive Stop Loss and DeActive Take Profit,OK
1334,2024-08-10 00:00:00+03:00,UP,0.79,60837.99,60437.84,95962.99324436776101585882563,95331.81539403553012574401566,-0.0066,0.0000,-1,0.0000,-1,LOSS DeActive Stop Loss and DeActive Take Profit,OK
1337,2024-08-10 12:00:00+03:00,UP,0.75,60920.88,60515.89,96093.74004435286314876302807,95454.92780492752218115688813,-0.0067,0.0000,-1,0.0000,-1,LOSS DeActive Stop Loss and DeActive Take Profit,OK
1340,2024-08-11 00:00:00+03:00,DOWN,0.76,60923.51,61085.01,96097.88848305428453384612678,95843.14595443088008862922858,-0.0027,0.0000,-1,0.0000,-1,LOSS DeActive Stop Loss and DeActive Take Profit,OK
1341,2024-08-11 04:00:00+03:00,DOWN,0.74,61085.01,61257.00,95843.14595443088008862922858,95573.29148976430203508641438,-0.0028,0.0000,-1,0.0000,-1,LOSS DeActive Stop Loss and DeActive Take Profit,OK
1345,2024-08-12 00:00:00+03:00,UP,0.82,58712.59,58509.50,95573.29148976430203508641438,95242.69834494380898410185213,-0.0035,0.0000,-1,0.0000,-1,LOSS DeActive Stop Loss and DeActive Take Profit,OK
1349,2024-08-12 16:00:00+03:00,UP,0.72,60207.38,59043.98,98006.53451968317941792758732,96112.73342320299026279715389,-0.0193,0.0000,-1,0.0000,-1,LOSS DeActive Stop Loss and DeActive Take Profit,OK
1351,2024-08-13 00:00:00+03:00,UP,0.78,59346.64,59040.00,96605.40820389810290650677825,96106.25471565271421600549227,-0.0052,0.0000,-1,0.0000,-1,LOSS DeActive Stop Loss and DeActive Take Profit,OK
1352,2024-08-13 04:00:00+03:00,UP,0.76,59040.00,59238.05,96106.25471565271421600549227,96428.64366799748081577649308,1.0034,0.0000,-1,0.0000,-1,WIN DeActive Stop Loss and DeActive Take Profit,OK
1353,2024-08-13 08:00:00+03:00,UP,0.83,59238.05,58830.00,96428.64366799748081577649308,95764.41336249744541544043208,-0.0069,0.0000,-1,0.0000,-1,LOSS DeActive Stop Loss and DeActive Take Profit,OK
1354,2024-08-13 12:00:00+03:00,UP,0.74,58830.01,59472.26,95764.42964065711947585950661,96809.89444572364989092098235,1.0109,0.0000,-1,0.0000,-1,WIN DeActive Stop Loss and DeActive Take Profit,OK
1362,2024-08-14 04:00:00+03:00,DOWN,0.76,60952.83,60914.02,99219.98993258601335783817834,99283.16547028104184426641636,1.0006,0.0000,-1,0.0000,-1,WIN DeActive Stop Loss and DeActive Take Profit,OK
1357,2024-08-14 08:00:00+03:00,DOWN,0.82,60914.02,61296.87,99283.16547028104184426641636,98659.16199948241294290549159,-0.0063,0.0000,-1,0.0000,-1,LOSS DeActive Stop Loss and DeActive Take Profit,OK
1358,2024-08-14 12:00:00+03:00,DOWN,0.84,61296.88,59435.69,98659.16199948241294290549159,101654.8029802601731183859773,1.0304,0.0000,-1,0.0000,-1,WIN DeActive Stop Loss and DeActive Take Profit,OK
1359,2024-08-14 16:00:00+03:00,UP,0.73,59435.69,58891.13,101654.8029802601731183859773,100723.4242159027562216805085,-0.0092,0.0000,-1,0.0000,-1,LOSS DeActive Stop Loss and DeActive Take Profit,OK
1363,2024-08-15 08:00:00+03:00,DOWN,0.81,58060.36,58745.36,99302.53113513073617746866340,98130.95324915888629087536580,-0.0118,0.0000,-1,0.0000,-1,LOSS DeActive Stop Loss and DeActive Take Profit,OK
1364,2024-08-15 12:00:00+03:00,DOWN,0.78,58745.36,59682.84,98130.95324915888629087536580,96564.94350724869163516179391,-0.0160,0.0000,-1,0.0000,-1,LOSS DeActive Stop Loss and DeActive Take Profit,OK
1380,2024-08-17 20:00:00+03:00,DOWN,0.73,59473.19,59491.99,96564.94350724869163516179391,96534.41847676123543174070549,-0.0003,0.0000,-1,0.0000,-1,LOSS DeActive Stop Loss and DeActive Take Profit,OK
1382,2024-08-18 00:00:00+03:00,DOWN,0.70,59491.99,59337.42,96534.41847676123543174070549,96785.23081408518415426089959,1.0026,0.0000,-1,0.0000,-1,WIN DeActive Stop Loss and DeActive Take Profit,OK
1381,2024-08-18 08:00:00+03:00,DOWN,0.77,59573.39,60024.01,96785.23081408518415426089959,96053.13615387794958722361925,-0.0076,0.0000,-1,0.0000,-1,LOSS DeActive Stop Loss and DeActive Take Profit,OK
1386,2024-08-18 20:00:00+03:00,UP,0.71,59708.38,58427.35,96053.13615387794958722361925,93992.33750204378041767453631,-0.0215,0.0000,-1,0.0000,-1,LOSS DeActive Stop Loss and DeActive Take Profit,OK
1388,2024-08-19 04:00:00+03:00,UP,0.75,58736.85,58502.19,94490.23152696331810061360969,94112.73294251220755884145151,-0.0040,0.0000,-1,0.0000,-1,LOSS DeActive Stop Loss and DeActive Take Profit,OK
1389,2024-08-19 08:00:00+03:00,UP,0.79,58502.19,58396.95,94112.73294251220755884145151,93943.43288699514085204821053,-0.0018,0.0000,-1,0.0000,-1,LOSS DeActive Stop Loss and DeActive Take Profit,OK
1397,2024-08-20 00:00:00+03:00,DOWN,0.70,59438.50,60619.18,95618.97899896588228553832968,93719.61383792549536633798991,-0.0199,0.0000,-1,0.0000,-1,LOSS DeActive Stop Loss and DeActive Take Profit,OK
1398,2024-08-20 04:00:00+03:00,DOWN,0.79,60619.19,60924.33,93719.61383792549536633798991,93247.85558832657156587011208,-0.0050,0.0000,-1,0.0000,-1,LOSS DeActive Stop Loss and DeActive Take Profit,OK
1395,2024-08-20 16:00:00+03:00,DOWN,0.83,58825.53,59511.99,93247.85558832657156587011208,92159.70690616148680901187045,-0.0117,0.0000,-1,0.0000,-1,LOSS DeActive Stop Loss and DeActive Take Profit,OK
1399,2024-08-21 08:00:00+03:00,UP,0.78,59711.99,59361.14,92159.70690616148680901187045,91618.20371445699399865767164,-0.0059,0.0000,-1,0.0000,-1,LOSS DeActive Stop Loss and DeActive Take Profit,OK
1407,2024-08-22 08:00:00+03:00,DOWN,0.72,60984.31,61336.09,94123.41031465360678184884979,93580.47175749867880457537095,-0.0058,0.0000,-1,0.0000,-1,LOSS DeActive Stop Loss and DeActive Take Profit,OK
1411,2024-08-23 08:00:00+03:00,UP,0.74,61069.26,60741.68,93580.47175749867880457537095,93078.49922764779446108074209,-0.0054,0.0000,-1,0.0000,-1,LOSS DeActive Stop Loss and DeActive Take Profit,OK
1421,2024-08-24 00:00:00+03:00,UP,0.72,64037.24,63832.01,98128.50408287516001162460671,97814.01656134974028570909695,-0.0032,0.0000,-1,0.0000,-1,LOSS DeActive Stop Loss and DeActive Take Profit,OK
1417,2024-08-24 08:00:00+03:00,UP,0.75,64315.00,63905.01,98554.13412711284740172494287,97925.87929619043433624669970,-0.0064,0.0000,-1,0.0000,-1,LOSS DeActive Stop Loss and DeActive Take Profit,OK
1420,2024-08-24 20:00:00+03:00,DOWN,0.86,64210.60,64157.01,98394.15509262834796506568633,98476.27459893126295367267443,1.0008,0.0000,-1,0.0000,-1,WIN DeActive Stop Loss and DeActive Take Profit,OK
1424,2024-08-25 04:00:00+03:00,UP,0.77,64101.01,63868.26,98476.27459893126295367267443,98118.70842465567429364271056,-0.0036,0.0000,-1,0.0000,-1,LOSS DeActive Stop Loss and DeActive Take Profit,OK
1427,2024-08-25 16:00:00+03:00,UP,0.70,64132.17,64187.41,98524.14468267101523142362470,98609.00807887717427580624642,1.0009,0.0000,-1,0.0000,-1,WIN DeActive Stop Loss and DeActive Take Profit,OK
1443,2024-08-28 08:00:00+03:00,DOWN,0.70,58600.98,59935.00,90026.75930139757488568297631,87977.34822596418805752756314,-0.0228,0.0000,-1,0.0000,-1,LOSS DeActive Stop Loss and DeActive Take Profit,OK
1450,2024-08-29 16:00:00+03:00,UP,0.73,60779.99,59258.00,87977.34822596418805752756314,85774.30995257132908236688320,-0.0250,0.0000,-1,0.0000,-1,LOSS DeActive Stop Loss and DeActive Take Profit,OK
1449,2024-08-29 20:00:00+03:00,UP,0.70,59257.99,59359.01,85774.29547784893673511772151,85920.51912345642864614915528,1.0017,0.0000,-1,0.0000,-1,WIN DeActive Stop Loss and DeActive Take Profit,OK
1457,2024-08-30 12:00:00+03:00,UP,0.74,59396.00,58094.99,85974.06112158572112079826175,84090.88526361895165761269796,-0.0219,0.0000,-1,0.0000,-1,LOSS DeActive Stop Loss and DeActive Take Profit,OK
1460,2024-08-31 04:00:00+03:00,DOWN,0.81,59232.01,59095.00,85736.69014907361858179564024,85935.00832057116824256001107,1.0023,0.0000,-1,0.0000,-1,WIN DeActive Stop Loss and DeActive Take Profit,OK
1461,2024-08-31 08:00:00+03:00,DOWN,0.82,59095.01,59120.99,85935.00832057116824256001107,85897.22862451614703263142810,-0.0004,0.0000,-1,0.0000,-1,LOSS DeActive Stop Loss and DeActive Take Profit,OK
1464,2024-08-31 20:00:00+03:00,DOWN,0.77,58856.00,58973.99,85897.22862451614703263142810,85725.02844092557580474675735,-0.0020,0.0000,-1,0.0000,-1,LOSS DeActive Stop Loss and DeActive Take Profit,OK
1466,2024-09-01 00:00:00+03:00,DOWN,0.73,58974.00,58524.21,85725.02844092557580474675735,86378.84640379809445264612056,1.0076,0.0000,-1,0.0000,-1,WIN DeActive Stop Loss and DeActive Take Profit,OK
1467,2024-09-01 04:00:00+03:00,DOWN,0.70,58524.21,58478.64,86378.84640379809445264612056,86446.10547539634548694811428,1.0008,0.0000,-1,0.0000,-1,WIN DeActive Stop Loss and DeActive Take Profit,OK
1468,2024-09-01 08:00:00+03:00,DOWN,0.77,58478.64,58240.52,86446.10547539634548694811428,86798.10659299759917183805159,1.0041,0.0000,-1,0.0000,-1,WIN DeActive Stop Loss and DeActive Take Profit,OK
1470,2024-09-01 16:00:00+03:00,DOWN,0.79,58217.00,58514.00,86798.10659299759917183805159,86355.29714458699252852019081,-0.0051,0.0000,-1,0.0000,-1,LOSS DeActive Stop Loss and DeActive Take Profit,OK
1473,2024-09-02 08:00:00+03:00,UP,0.76,57548.00,58422.01,86355.29714458699252852019081,87666.81784482575803452999012,1.0152,0.0000,-1,0.0000,-1,WIN DeActive Stop Loss and DeActive Take Profit,OK
1474,2024-09-02 12:00:00+03:00,UP,0.75,58422.01,58537.99,87666.81784482575803452999012,87840.85495059536252805639889,1.0020,0.0000,-1,0.0000,-1,WIN DeActive Stop Loss and DeActive Take Profit,OK
1475,2024-09-02 16:00:00+03:00,UP,0.71,58537.99,58439.99,87840.85495059536252805639889,87693.79824801369982443863670,-0.0017,0.0000,-1,0.0000,-1,LOSS DeActive Stop Loss and DeActive Take Profit,OK
1479,2024-09-03 16:00:00+03:00,DOWN,0.73,57725.01,58046.00,86620.91456217862635675876309,86139.24383807977011967442139,-0.0056,0.0000,-1,0.0000,-1,LOSS DeActive Stop Loss and DeActive Take Profit,OK
1487,2024-09-04 00:00:00+03:00,UP,0.78,57487.74,56653.98,86139.24383807977011967442139,84889.94344911966507579933177,-0.0145,0.0000,-1,0.0000,-1,LOSS DeActive Stop Loss and DeActive Take Profit,OK
1483,2024-09-04 08:00:00+03:00,UP,0.71,56746.00,56573.00,85027.82559960914510139109169,84768.60356054502812217598121,-0.0031,0.0000,-1,0.0000,-1,LOSS DeActive Stop Loss and DeActive Take Profit,OK
1494,2024-09-05 20:00:00+03:00,DOWN,0.71,56060.00,56180.00,83999.92780308900494103522010,83820.12060836244981094381399,-0.0021,0.0000,-1,0.0000,-1,LOSS DeActive Stop Loss and DeActive Take Profit,OK
1497,2024-09-06 00:00:00+03:00,DOWN,0.81,56180.00,56588.00,83820.12060836244981094381399,83211.38779938751425517903866,-0.0073,0.0000,-1,0.0000,-1,LOSS DeActive Stop Loss and DeActive Take Profit,OK
1496,2024-09-06 12:00:00+03:00,UP,0.70,55999.09,54045.01,83211.38779938751425517903866,80307.73867453517908587967581,-0.0349,0.0000,-1,0.0000,-1,LOSS DeActive Stop Loss and DeActive Take Profit,OK
1505,2024-09-07 00:00:00+03:00,UP,0.79,53962.97,53818.91,80185.83201042578459983544030,79971.76723675928813884650116,-0.0027,0.0000,-1,0.0000,-1,LOSS DeActive Stop Loss and DeActive Take Profit,OK
1506,2024-09-07 04:00:00+03:00,UP,0.79,53818.92,54286.00,79971.78209617714642681408334,80665.83578550206081664272208,1.0087,0.0000,-1,0.0000,-1,WIN DeActive Stop Loss and DeActive Take Profit,OK
1511,2024-09-08 16:00:00+03:00,UP,0.72,53686.99,54337.01,79775.74179637275327050233308,80741.63367599718773927944140,1.0121,0.0000,-1,0.0000,-1,WIN DeActive Stop Loss and DeActive Take Profit,OK
1514,2024-09-09 04:00:00+03:00,UP,0.71,55115.00,54974.01,81897.68152595413332920575521,81688.17859357013127426454648,-0.0026,0.0000,-1,0.0000,-1,LOSS DeActive Stop Loss and DeActive Take Profit,OK
1519,2024-09-10 00:00:00+03:00,UP,0.72,57042.01,56524.74,84761.10620666408297026014662,83992.47309910842127113652762,-0.0091,0.0000,-1,0.0000,-1,LOSS DeActive Stop Loss and DeActive Take Profit,OK
1522,2024-09-10 12:00:00+03:00,UP,0.74,57228.01,56596.00,85037.49137882823916728876442,84098.36131076658132812716904,-0.0110,0.0000,-1,0.0000,-1,LOSS DeActive Stop Loss and DeActive Take Profit,OK
1529,2024-09-11 00:00:00+03:00,UP,0.71,57635.99,56819.55,85643.72590861067166870669718,84430.54359698860884342688685,-0.0142,0.0000,-1,0.0000,-1,LOSS DeActive Stop Loss and DeActive Take Profit,OK
1528,2024-09-11 08:00:00+03:00,DOWN,0.75,56712.01,56797.99,84270.74541734058004004808276,84142.98414259502009477646685,-0.0015,0.0000,-1,0.0000,-1,LOSS DeActive Stop Loss and DeActive Take Profit,OK
1525,2024-09-11 12:00:00+03:00,DOWN,0.73,56798.00,56701.23,84142.98414259502009477646685,84286.34335551587857737394421,1.0017,0.0000,-1,0.0000,-1,WIN DeActive Stop Loss and DeActive Take Profit,OK
1526,2024-09-11 16:00:00+03:00,DOWN,0.93,56701.22,57585.50,84286.34335551587857737394421,82971.86145014566641776961415,-0.0156,0.0000,-1,0.0000,-1,LOSS DeActive Stop Loss and DeActive Take Profit,OK
1527,2024-09-11 20:00:00+03:00,DOWN,0.73,57585.50,57338.00,82971.86145014566641776961415,83328.47093880012027227114626,1.0043,0.0000,-1,0.0000,-1,WIN DeActive Stop Loss and DeActive Take Profit,OK
1531,2024-09-12 08:00:00+03:00,UP,0.73,58138.15,58057.99,83328.47093880012027227114626,83213.57890610808900466071739,-0.0014,0.0000,-1,0.0000,-1,LOSS DeActive Stop Loss and DeActive Take Profit,OK
1532,2024-09-12 12:00:00+03:00,UP,0.78,58058.00,57512.03,83213.59323894649868920008995,82431.06326029295189307651399,-0.0094,0.0000,-1,0.0000,-1,LOSS DeActive Stop Loss and DeActive Take Profit,OK
1534,2024-09-12 20:00:00+03:00,UP,0.72,58388.00,58132.32,83686.57690646608848849452017,83320.11489400727418581694466,-0.0044,0.0000,-1,0.0000,-1,LOSS DeActive Stop Loss and DeActive Take Profit,OK
1537,2024-09-13 00:00:00+03:00,UP,0.79,58132.31,57845.97,83320.10056116886450127757210,82909.69406614595740088373226,-0.0049,0.0000,-1,0.0000,-1,LOSS DeActive Stop Loss and DeActive Take Profit,OK
1538,2024-09-13 04:00:00+03:00,UP,0.70,57845.97,58109.31,82909.69406614595740088373226,83287.13503282659006072068757,1.0046,0.0000,-1,0.0000,-1,WIN DeActive Stop Loss and DeActive Take Profit,OK
1539,2024-09-13 08:00:00+03:00,UP,0.78,58109.31,57871.10,83287.13503282659006072068757,82945.71248906949464832697174,-0.0041,0.0000,-1,0.0000,-1,LOSS DeActive Stop Loss and DeActive Take Profit,OK
1553,2024-09-15 00:00:00+03:00,DOWN,0.74,59993.02,60155.93,85987.02613689727642686890317,85753.52986636510559595055278,-0.0027,0.0000,-1,0.0000,-1,LOSS DeActive Stop Loss and DeActive Take Profit,OK
1550,2024-09-15 12:00:00+03:00,DOWN,0.87,60000.51,60335.41,85753.52986636510559595055278,85274.88631563119226981242764,-0.0056,0.0000,-1,0.0000,-1,LOSS DeActive Stop Loss and DeActive Take Profit,OK
1560,2024-09-16 20:00:00+03:00,DOWN,0.70,57943.99,58213.99,85274.88631563119226981242764,84877.53329756632614801361199,-0.0047,0.0000,-1,0.0000,-1,LOSS DeActive Stop Loss and DeActive Take Profit,OK
1561,2024-09-17 00:00:00+03:00,UP,0.71,58213.99,58060.00,84877.53329756632614801361199,84653.01181480089057894279900,-0.0027,0.0000,-1,0.0000,-1,LOSS DeActive Stop Loss and DeActive Take Profit,OK
1562,2024-09-17 04:00:00+03:00,UP,0.72,58060.00,58695.39,84653.01181480089057894279900,85579.42719849028668409185971,1.0109,0.0000,-1,0.0000,-1,WIN DeActive Stop Loss and DeActive Take Profit,OK
1563,2024-09-17 08:00:00+03:00,UP,0.71,58695.39,59080.99,85579.42719849028668409185971,86141.64217189344244377564103,1.0066,0.0000,-1,0.0000,-1,WIN DeActive Stop Loss and DeActive Take Profit,OK
1565,2024-09-17 16:00:00+03:00,UP,0.72,61135.49,59967.99,89137.15737639754905236051840,87434.91157388669752375363384,-0.0191,0.0000,-1,0.0000,-1,LOSS DeActive Stop Loss and DeActive Take Profit,OK
1567,2024-09-18 08:00:00+03:00,UP,0.82,60428.01,59846.00,88105.63287073555569950501631,87257.04693538708400942836288,-0.0096,0.0000,-1,0.0000,-1,LOSS DeActive Stop Loss and DeActive Take Profit,OK
1568,2024-09-18 12:00:00+03:00,UP,0.87,59846.00,59429.18,87257.04693538708400942836288,86649.31237829708560758346213,-0.0070,0.0000,-1,0.0000,-1,LOSS DeActive Stop Loss and DeActive Take Profit,OK
1569,2024-09-18 16:00:00+03:00,UP,0.91,59429.19,60057.99,86649.32695856091867697557011,87566.13394838432205272547077,1.0106,0.0000,-1,0.0000,-1,WIN DeActive Stop Loss and DeActive Take Profit,OK
1582,2024-09-20 12:00:00+03:00,UP,0.70,63440.01,63153.99,92497.20833725605660242915876,92080.18363110260584935666101,-0.0045,0.0000,-1,0.0000,-1,LOSS DeActive Stop Loss and DeActive Take Profit,OK
1583,2024-09-20 16:00:00+03:00,UP,0.81,63153.99,62809.13,92080.18363110260584935666101,91577.36865255537479312079788,-0.0055,0.0000,-1,0.0000,-1,LOSS DeActive Stop Loss and DeActive Take Profit,OK
1588,2024-09-21 00:00:00+03:00,UP,0.75,63201.05,62889.57,92148.79835270103040861682374,91694.65229482858498323740412,-0.0049,0.0000,-1,0.0000,-1,LOSS DeActive Stop Loss and DeActive Take Profit,OK
1587,2024-09-21 16:00:00+03:00,UP,0.71,63167.98,63203.59,92100.58142020506992891572766,92152.50173971463003421225114,1.0006,0.0000,-1,0.0000,-1,WIN DeActive Stop Loss and DeActive Take Profit,OK
1595,2024-09-22 00:00:00+03:00,UP,0.72,63348.97,63106.00,92364.46961531979285667809172,92010.21294496770583663045597,-0.0038,0.0000,-1,0.0000,-1,LOSS DeActive Stop Loss and DeActive Take Profit,OK
1596,2024-09-22 04:00:00+03:00,UP,0.82,63106.00,62936.00,92010.21294496770583663045597,91762.34845980552617079476400,-0.0027,0.0000,-1,0.0000,-1,LOSS DeActive Stop Loss and DeActive Take Profit,OK
1591,2024-09-22 08:00:00+03:00,UP,0.78,62936.00,62784.00,91762.34845980552617079476400,91540.72844954287141075343941,-0.0024,0.0000,-1,0.0000,-1,LOSS DeActive Stop Loss and DeActive Take Profit,OK
1592,2024-09-22 12:00:00+03:00,UP,0.88,62784.00,62652.12,91540.72844954287141075343941,91348.44393011235226763337437,-0.0021,0.0000,-1,0.0000,-1,LOSS DeActive Stop Loss and DeActive Take Profit,OK
1593,2024-09-22 16:00:00+03:00,UP,0.86,62652.12,63160.00,91348.44393011235226763337437,92088.94636966628055401355812,1.0081,0.0000,-1,0.0000,-1,WIN DeActive Stop Loss and DeActive Take Profit,OK
1594,2024-09-22 20:00:00+03:00,UP,0.72,63160.00,63578.76,92088.94636966628055401355812,92699.50949793989441792740736,1.0066,0.0000,-1,0.0000,-1,WIN DeActive Stop Loss and DeActive Take Profit,OK
1600,2024-09-23 12:00:00+03:00,DOWN,0.75,63435.03,63618.00,92489.94736586718804515938379,92223.17227851351737775963932,-0.0029,0.0000,-1,0.0000,-1,LOSS DeActive Stop Loss and DeActive Take Profit,OK
1601,2024-09-23 16:00:00+03:00,DOWN,0.80,63617.99,63298.56,92223.17227851351737775963932,92686.23072976175035173410414,1.0050,0.0000,-1,0.0000,-1,WIN DeActive Stop Loss and DeActive Take Profit,OK
1603,2024-09-24 00:00:00+03:00,UP,0.86,63339.99,63124.00,92686.23072976175035173410414,92370.16975508649005474840759,-0.0034,0.0000,-1,0.0000,-1,LOSS DeActive Stop Loss and DeActive Take Profit,OK
1604,2024-09-24 04:00:00+03:00,UP,0.80,63124.01,63559.92,92370.18438821648103860400209,93008.05715765345828782403533,1.0069,0.0000,-1,0.0000,-1,WIN DeActive Stop Loss and DeActive Take Profit,OK
1605,2024-09-24 08:00:00+03:00,UP,0.81,63559.93,63478.34,93008.07179078344927167962984,92888.68008318701199388406995,-0.0013,0.0000,-1,0.0000,-1,LOSS DeActive Stop Loss and DeActive Take Profit,OK
1606,2024-09-24 12:00:00+03:00,UP,0.75,63478.35,63159.99,92888.69471631700297773966445,92422.83438992404095103302826,-0.0050,0.0000,-1,0.0000,-1,LOSS DeActive Stop Loss and DeActive Take Profit,OK
1609,2024-09-25 00:00:00+03:00,DOWN,0.77,64262.70,64460.00,94036.44426715982169129460256,93747.73261243771022041503439,-0.0031,0.0000,-1,0.0000,-1,LOSS DeActive Stop Loss and DeActive Take Profit,OK
